productMolecule,noticeId,tenderRef,itemNumber,productName,strength,packSize,sourceAtc,dmpMatchedItem,dmpProductName,dmpStrength,dmpPack,dmpAtc,tenderDocumentMaxAip,dmpMaxAip,selectedMaxPrice,maxPriceSource,maxPriceEffectiveDate,joinOutcome,conflictReason
Axitinib,196990-2022,2021/1727,103854,Inlyta tab 1mg,1 mg,56.0,L01EK01,103854,Inlyta,1 mg,Blisterpakning 56 stk,L01EK01,,6573.91,6573.91,dmp_current_reference,2026-08-03,exact_validated,
Axitinib,196990-2022,2021/1727,39471,Inlyta tab 3mg,3 mg,56.0,L01EK01,039471,Inlyta,3 mg,Blisterpakning 56 stk,L01EK01,,21849.42,21849.42,dmp_current_reference,2026-08-03,exact_validated,
Axitinib,196990-2022,2021/1727,599010,Inlyta tab 5mg,5 mg,56.0,L01EK01,599010,Inlyta,5 mg,Blisterpakning 56 stk,L01EK01,,32845.79,32845.79,dmp_current_reference,2026-08-03,exact_validated,
Axitinib,196990-2022,2021/1727,147794,Inlyta tab 7mg,7 mg,56.0,L01EK01,147794,Inlyta,7 mg,Blisterpakning 56 stk,L01EK01,,46409.29,46409.29,dmp_current_reference,2026-08-03,exact_validated,
Lenalidomide,300984-2021,LIS 2234,64016,Revlimid kaps 20mg,20 mg,21.0,L04AX04,,,,,,,,,,,no_item_match,
Lenalidomide,300984-2021,LIS 2234,96488,Revlimid kaps  5mg,5 mg,21.0,L04AX04,,,,,,,,,,,no_item_match,
Lenalidomide,300984-2021,LIS 2234,96497,Revlimid kaps 10mg,10 mg,21.0,L04AX04,,,,,,,,,,,no_item_match,
Lenalidomide,300984-2021,LIS 2234,96506,Revlimid kaps 15mg,15 mg,21.0,L04AX04,,,,,,,,,,,no_item_match,
Lenalidomide,300984-2021,LIS 2234,96515,Revlimid kaps 25mg,25 mg,21.0,L04AX04,,,,,,,,,,,no_item_match,
Lenalidomide,300984-2021,LIS 2234,467375,"Revlimid kaps  7,5mg",7.5 mg,21.0,L04AX04,,,,,,,,,,,no_item_match,
Lenalidomide,300984-2021,LIS 2234,540958,"Revlimid kaps  2,5mg",2.5 mg,21.0,L04AX04,,,,,,,,,,,no_item_match,
Everolimus,404973-2025,2025/50837,14884,"Certican disperg tab 0,1mg",0.1 mg,60.0,L04AH02,014884,Certican,"0,1 mg",Blisterpakning 60 stk,L04AH02,492.07,492.07,492.07,tender_document,,exact_validated,
Everolimus,404973-2025,2025/50837,14917,"Certican disperg tab 0,25mg",0.25 mg,60.0,L04AH02,014917,Certican,"0,25 mg",Blisterpakning 60 stk,L04AH02,1017.61,1017.61,1017.61,tender_document,,exact_validated,
Everolimus,404973-2025,2025/50837,14847,"Certican tab 0,25mg",0.25 mg,60.0,L04AH02,014847,Certican,"0,25 mg",Blisterpakning 60 stk,L04AH02,1017.61,1017.61,1017.61,tender_document,,exact_validated,
Everolimus,404973-2025,2025/50837,14859,"Certican tab 0,5mg",0.5 mg,60.0,L04AH02,014859,Certican,"0,5 mg",Blisterpakning 60 stk,L04AH02,2028.9,2028.9,2028.9,tender_document,,exact_validated,
Everolimus,404973-2025,2025/50837,14853,"Certican tab 0,75mg",0.75 mg,60.0,L04AH02,014853,Certican,"0,75 mg",Blisterpakning 60 stk,L04AH02,3070.93,3070.93,3070.93,tender_document,,exact_validated,
Everolimus,404973-2025,2025/50837,14946,Certican tab 1mg,1 mg,60.0,L04AH02,014946,Certican,1 mg,Blisterpakning 60 stk,L04AH02,4057.8,4057.8,4057.8,tender_document,,exact_validated,
Anagrelide,244859-2024,2507gj-1,560023,"Anagrelide bluefish kaps 0,5mg",0.5 mg,100.0,L01XX35,560023,Anagrelide Bluefish,"0,5 mg",Flaske 100 stk,L01XX35,,4102.51,4102.51,dmp_current_reference,2026-08-03,exact_validated,
Anagrelide,244859-2024,2507gj-1,191597,"Anagrelide sandoz kaps 0,5mg",0.5 mg,100.0,L01XX35,,,,,,,,,,,no_item_match,
Anagrelide,244859-2024,2507gj-1,21999,"Xagrid kaps 0,5mg",0.5 mg,100.0,L01XX35,021999,Xagrid,"0,5 mg",Flaske 100 stk,L01XX35,,4102.51,4102.51,dmp_current_reference,2026-08-03,exact_validated,
Anagrelide,244859-2024,2507gj-1,39496,"Xagrid Kapsel, hard 0,5 mg",0.5 mg,0.0,L01XX35,039496,Xagrid,"0,5 mg",Flaske av plast 100 stk,L01XX35,,4102.51,4102.51,dmp_current_reference,2026-08-03,exact_validated,
Anagrelide,244859-2024,2507gj-1,110090,"Anagrelide AOP Kapsel, hard 0,5 mg",0.5 mg,100.0,L01XX35,,,,,,,,,,,no_item_match,
Anagrelide,244859-2024,2507gj-1,290239,"Anagrelide sandoz kaps 0,5mg",0.5 mg,100.0,L01XX35,,,,,,,,,,,no_item_match,
Paliperidone,682047-2022,2022/227,214209,"Xeplion Depotinjeksjonsvæske, suspensjon 25 mg/sprøyte",25 mg,,N05AX13,,,,,,,,,,,no_item_match,
Paliperidone,682047-2022,2022/227,362150,"Xeplion Depotinjeksjonsvæske, suspensjon 25 mg/sprøyte",25 mg,,N05AX13,,,,,,,,,,,no_item_match,
Paliperidone,434619-2026,2601c,480609,Palmeux depotinj  50mg/spr,50 mg,1.0,N05AX13,480609,Palmeux,50 mg,"Ferdigfylt sprøyte 50 mg, stk",N05AX13,1237.43,1237.43,1237.43,tender_document,,exact_validated,
Paliperidone,434619-2026,2601c,379151,Palmeux depotinj  75mg/spr,75 mg,1.0,N05AX13,379151,Palmeux,75 mg,"Ferdigfylt sprøyte 75 mg, stk",N05AX13,1582.91,1582.91,1582.91,tender_document,,exact_validated,
Paliperidone,434619-2026,2601c,556066,Palmeux depotinj 100mg/spr,100 mg,1.0,N05AX13,556066,Palmeux,100 mg,"Ferdigfylt sprøyte 100 mg, stk",N05AX13,1967.77,1967.77,1967.77,tender_document,,exact_validated,
Paliperidone,434619-2026,2601c,122031,Palmeux depotinj 150mg/spr,150 mg,1.0,N05AX13,122031,Palmeux,150 mg,"Ferdigfylt sprøyte 150 mg, stk",N05AX13,2749.81,2749.81,2749.81,tender_document,,exact_validated,
Paliperidone,434619-2026,2601c,58609,Xeplion depotinj  50mg/spr,50 mg,1.0,N05AX13,058609,Xeplion,50 mg,"Ferdigfylt sprøyte 50 mg, stk",N05AX13,1237.43,1237.43,1237.43,tender_document,,exact_validated,
Paliperidone,434619-2026,2601c,307903,Xeplion depotinj  75mg/spr,75 mg,1.0,N05AX13,,,,,,,,,,,no_item_match,
Paliperidone,434619-2026,2601c,412581,Xeplion depotinj  75mg/spr,75 mg,1.0,N05AX13,412581,Xeplion,75 mg,"Ferdigfylt sprøyte 75 mg, stk",N05AX13,1582.91,1582.91,1582.91,tender_document,,exact_validated,
Paliperidone,434619-2026,2601c,220132,Xeplion depotinj 100mg/spr,100 mg,1.0,N05AX13,,,,,,,,,,,no_item_match,
Paliperidone,434619-2026,2601c,409745,Xeplion depotinj 100mg/spr,100 mg,1.0,N05AX13,409745,Xeplion,100 mg,"Ferdigfylt sprøyte 100 mg, stk",N05AX13,1967.77,1967.77,1967.77,tender_document,,exact_validated,
Paliperidone,434619-2026,2601c,343892,Xeplion depotinj 150mg/spr,150 mg,1.0,N05AX13,,,,,,,,,,,no_item_match,
Paliperidone,434619-2026,2601c,536460,Xeplion depotinj 150mg/spr,150 mg,1.0,N05AX13,536460,Xeplion,150 mg,"Ferdigfylt sprøyte 150 mg, stk",N05AX13,2749.81,2749.81,2749.81,tender_document,,exact_validated,
Paliperidone,434619-2026,2601c,445725,Xeplion ori depotinj 150mg/spr,150 mg,1.0,N05AX13,445725,Xeplion,150 mg,Ferdigfylt sprøyte 150 mg,N05AX13,2749.81,2749.81,2749.81,tender_document,,exact_validated,
Paliperidone,434619-2026,2601c,536742,Paliperidon zen depinj  50mg,50 mg,1.0,N05AX13,536742,Paliperidon Zentiva,50 mg,"Ferdigfylt sprøyte 50 mg, stk",N05AX13,1237.43,1237.43,1237.43,tender_document,,exact_validated,
Paliperidone,434619-2026,2601c,549759,Paliperidon zen depinj  75mg,75 mg,1.0,N05AX13,549759,Paliperidon Zentiva,75 mg,"Ferdigfylt sprøyte 75 mg, stk",N05AX13,1582.91,1582.91,1582.91,tender_document,,exact_validated,
Paliperidone,434619-2026,2601c,47538,Paliperidon zen depinj 100mg,100 mg,1.0,N05AX13,047538,Paliperidon Zentiva,100 mg,"Ferdigfylt sprøyte 100 mg, stk",N05AX13,1967.77,1967.77,1967.77,tender_document,,exact_validated,
Paliperidone,434619-2026,2601c,392171,Paliperidon zen depinj 150mg,150 mg,1.0,N05AX13,392171,Paliperidon Zentiva,150 mg,"Ferdigfylt sprøyte 150 mg, stk",N05AX13,2749.81,2749.81,2749.81,tender_document,,exact_validated,
