noticeId,itemNumber,field,rawValue,cleanedValue,action,reason,sourceDocument,sourceRow
196990-2022,103854,noticeType,3,Contract notice,map_notice_type,,LIS 2207 - Vedlegg 03 Prisskjema v 2.xlsx,159
196990-2022,103854,procedureType,1,Open procedure,map_procedure_type,,LIS 2207 - Vedlegg 03 Prisskjema v 2.xlsx,159
196990-2022,39471,noticeType,3,Contract notice,map_notice_type,,LIS 2207 - Vedlegg 03 Prisskjema v 2.xlsx,160
196990-2022,39471,procedureType,1,Open procedure,map_procedure_type,,LIS 2207 - Vedlegg 03 Prisskjema v 2.xlsx,160
196990-2022,599010,noticeType,3,Contract notice,map_notice_type,,LIS 2207 - Vedlegg 03 Prisskjema v 2.xlsx,161
196990-2022,599010,procedureType,1,Open procedure,map_procedure_type,,LIS 2207 - Vedlegg 03 Prisskjema v 2.xlsx,161
196990-2022,147794,noticeType,3,Contract notice,map_notice_type,,LIS 2207 - Vedlegg 03 Prisskjema v 2.xlsx,162
196990-2022,147794,procedureType,1,Open procedure,map_procedure_type,,LIS 2207 - Vedlegg 03 Prisskjema v 2.xlsx,162
300984-2021,64016,noticeType,3,Contract notice,map_notice_type,,LIS 2234 Vedlegg 03 Prisskjema.xlsx,4
300984-2021,64016,procedureType,1,Open procedure,map_procedure_type,,LIS 2234 Vedlegg 03 Prisskjema.xlsx,4
300984-2021,96488,noticeType,3,Contract notice,map_notice_type,,LIS 2234 Vedlegg 03 Prisskjema.xlsx,5
300984-2021,96488,procedureType,1,Open procedure,map_procedure_type,,LIS 2234 Vedlegg 03 Prisskjema.xlsx,5
300984-2021,96497,noticeType,3,Contract notice,map_notice_type,,LIS 2234 Vedlegg 03 Prisskjema.xlsx,6
300984-2021,96497,procedureType,1,Open procedure,map_procedure_type,,LIS 2234 Vedlegg 03 Prisskjema.xlsx,6
300984-2021,96506,noticeType,3,Contract notice,map_notice_type,,LIS 2234 Vedlegg 03 Prisskjema.xlsx,7
300984-2021,96506,procedureType,1,Open procedure,map_procedure_type,,LIS 2234 Vedlegg 03 Prisskjema.xlsx,7
300984-2021,96515,noticeType,3,Contract notice,map_notice_type,,LIS 2234 Vedlegg 03 Prisskjema.xlsx,8
300984-2021,96515,procedureType,1,Open procedure,map_procedure_type,,LIS 2234 Vedlegg 03 Prisskjema.xlsx,8
300984-2021,467375,noticeType,3,Contract notice,map_notice_type,,LIS 2234 Vedlegg 03 Prisskjema.xlsx,9
300984-2021,467375,procedureType,1,Open procedure,map_procedure_type,,LIS 2234 Vedlegg 03 Prisskjema.xlsx,9
300984-2021,540958,noticeType,3,Contract notice,map_notice_type,,LIS 2234 Vedlegg 03 Prisskjema.xlsx,10
300984-2021,540958,procedureType,1,Open procedure,map_procedure_type,,LIS 2234 Vedlegg 03 Prisskjema.xlsx,10
404973-2025,14884,noticeType,cn-standard,Competition notice,map_notice_type,,2632a Bilag 2 Prisskjema.xlsx,7
404973-2025,14884,procedureType,open,Open procedure,map_procedure_type,,2632a Bilag 2 Prisskjema.xlsx,7
404973-2025,14917,noticeType,cn-standard,Competition notice,map_notice_type,,2632a Bilag 2 Prisskjema.xlsx,8
404973-2025,14917,procedureType,open,Open procedure,map_procedure_type,,2632a Bilag 2 Prisskjema.xlsx,8
404973-2025,14847,noticeType,cn-standard,Competition notice,map_notice_type,,2632a Bilag 2 Prisskjema.xlsx,9
404973-2025,14847,procedureType,open,Open procedure,map_procedure_type,,2632a Bilag 2 Prisskjema.xlsx,9
404973-2025,14859,noticeType,cn-standard,Competition notice,map_notice_type,,2632a Bilag 2 Prisskjema.xlsx,10
404973-2025,14859,procedureType,open,Open procedure,map_procedure_type,,2632a Bilag 2 Prisskjema.xlsx,10
404973-2025,14853,noticeType,cn-standard,Competition notice,map_notice_type,,2632a Bilag 2 Prisskjema.xlsx,11
404973-2025,14853,procedureType,open,Open procedure,map_procedure_type,,2632a Bilag 2 Prisskjema.xlsx,11
404973-2025,14946,noticeType,cn-standard,Competition notice,map_notice_type,,2632a Bilag 2 Prisskjema.xlsx,12
404973-2025,14946,procedureType,open,Open procedure,map_procedure_type,,2632a Bilag 2 Prisskjema.xlsx,12
244859-2024,560023,noticeType,cn-standard,Competition notice,map_notice_type,,2507gj-1 Bilag 2 Prisskjema.xlsx,5
244859-2024,560023,procedureType,open,Open procedure,map_procedure_type,,2507gj-1 Bilag 2 Prisskjema.xlsx,5
244859-2024,191597,noticeType,cn-standard,Competition notice,map_notice_type,,2507gj-1 Bilag 2 Prisskjema.xlsx,6
244859-2024,191597,procedureType,open,Open procedure,map_procedure_type,,2507gj-1 Bilag 2 Prisskjema.xlsx,6
244859-2024,21999,noticeType,cn-standard,Competition notice,map_notice_type,,2507gj-1 Bilag 2 Prisskjema.xlsx,7
244859-2024,21999,procedureType,open,Open procedure,map_procedure_type,,2507gj-1 Bilag 2 Prisskjema.xlsx,7
244859-2024,39496,packSize,0,,blank_invalid_pack_size,invalid_zero_pack_size,2507gj-1 Bilag 2 Prisskjema.xlsx,8
244859-2024,39496,noticeType,cn-standard,Competition notice,map_notice_type,,2507gj-1 Bilag 2 Prisskjema.xlsx,8
244859-2024,39496,procedureType,open,Open procedure,map_procedure_type,,2507gj-1 Bilag 2 Prisskjema.xlsx,8
244859-2024,110090,noticeType,cn-standard,Competition notice,map_notice_type,,2507gj-1 Bilag 2 Prisskjema.xlsx,9
244859-2024,110090,procedureType,open,Open procedure,map_procedure_type,,2507gj-1 Bilag 2 Prisskjema.xlsx,9
244859-2024,290239,noticeType,cn-standard,Competition notice,map_notice_type,,2507gj-1 Bilag 2 Prisskjema.xlsx,10
244859-2024,290239,procedureType,open,Open procedure,map_procedure_type,,2507gj-1 Bilag 2 Prisskjema.xlsx,10
682047-2022,214209,supplier,Grossister vgr 6,,blank_invalid_supplier,supplier_grouping_label_not_legal_entity,2301d Vedlegg 03 Prisskjema legem versj1.xlsx,425
682047-2022,214209,noticeType,V,Voluntary ex ante transparency notice,map_notice_type,,2301d Vedlegg 03 Prisskjema legem versj1.xlsx,425
682047-2022,214209,procedureType,V,Award without prior publication,map_procedure_type,,2301d Vedlegg 03 Prisskjema legem versj1.xlsx,425
682047-2022,362150,supplier,#N/A,,blank_invalid_supplier,spreadsheet_error_placeholder,2301d Vedlegg 03 Prisskjema legem versj1.xlsx,426
682047-2022,362150,noticeType,V,Voluntary ex ante transparency notice,map_notice_type,,2301d Vedlegg 03 Prisskjema legem versj1.xlsx,426
682047-2022,362150,procedureType,V,Award without prior publication,map_procedure_type,,2301d Vedlegg 03 Prisskjema legem versj1.xlsx,426
434619-2026,480609,noticeType,cn-standard,Competition notice,map_notice_type,,2601c_Bilag_2_Prisskjema.xlsx,5
434619-2026,480609,procedureType,open,Open procedure,map_procedure_type,,2601c_Bilag_2_Prisskjema.xlsx,5
434619-2026,379151,noticeType,cn-standard,Competition notice,map_notice_type,,2601c_Bilag_2_Prisskjema.xlsx,6
434619-2026,379151,procedureType,open,Open procedure,map_procedure_type,,2601c_Bilag_2_Prisskjema.xlsx,6
434619-2026,556066,noticeType,cn-standard,Competition notice,map_notice_type,,2601c_Bilag_2_Prisskjema.xlsx,7
434619-2026,556066,procedureType,open,Open procedure,map_procedure_type,,2601c_Bilag_2_Prisskjema.xlsx,7
434619-2026,122031,noticeType,cn-standard,Competition notice,map_notice_type,,2601c_Bilag_2_Prisskjema.xlsx,8
434619-2026,122031,procedureType,open,Open procedure,map_procedure_type,,2601c_Bilag_2_Prisskjema.xlsx,8
434619-2026,58609,noticeType,cn-standard,Competition notice,map_notice_type,,2601c_Bilag_2_Prisskjema.xlsx,9
434619-2026,58609,procedureType,open,Open procedure,map_procedure_type,,2601c_Bilag_2_Prisskjema.xlsx,9
434619-2026,307903,noticeType,cn-standard,Competition notice,map_notice_type,,2601c_Bilag_2_Prisskjema.xlsx,10
434619-2026,307903,procedureType,open,Open procedure,map_procedure_type,,2601c_Bilag_2_Prisskjema.xlsx,10
434619-2026,412581,noticeType,cn-standard,Competition notice,map_notice_type,,2601c_Bilag_2_Prisskjema.xlsx,11
434619-2026,412581,procedureType,open,Open procedure,map_procedure_type,,2601c_Bilag_2_Prisskjema.xlsx,11
434619-2026,220132,noticeType,cn-standard,Competition notice,map_notice_type,,2601c_Bilag_2_Prisskjema.xlsx,12
434619-2026,220132,procedureType,open,Open procedure,map_procedure_type,,2601c_Bilag_2_Prisskjema.xlsx,12
434619-2026,409745,noticeType,cn-standard,Competition notice,map_notice_type,,2601c_Bilag_2_Prisskjema.xlsx,13
434619-2026,409745,procedureType,open,Open procedure,map_procedure_type,,2601c_Bilag_2_Prisskjema.xlsx,13
434619-2026,343892,noticeType,cn-standard,Competition notice,map_notice_type,,2601c_Bilag_2_Prisskjema.xlsx,14
434619-2026,343892,procedureType,open,Open procedure,map_procedure_type,,2601c_Bilag_2_Prisskjema.xlsx,14
434619-2026,536460,noticeType,cn-standard,Competition notice,map_notice_type,,2601c_Bilag_2_Prisskjema.xlsx,15
434619-2026,536460,procedureType,open,Open procedure,map_procedure_type,,2601c_Bilag_2_Prisskjema.xlsx,15
434619-2026,445725,noticeType,cn-standard,Competition notice,map_notice_type,,2601c_Bilag_2_Prisskjema.xlsx,16
434619-2026,445725,procedureType,open,Open procedure,map_procedure_type,,2601c_Bilag_2_Prisskjema.xlsx,16
434619-2026,536742,noticeType,cn-standard,Competition notice,map_notice_type,,2601c_Bilag_2_Prisskjema.xlsx,17
434619-2026,536742,procedureType,open,Open procedure,map_procedure_type,,2601c_Bilag_2_Prisskjema.xlsx,17
434619-2026,549759,noticeType,cn-standard,Competition notice,map_notice_type,,2601c_Bilag_2_Prisskjema.xlsx,18
434619-2026,549759,procedureType,open,Open procedure,map_procedure_type,,2601c_Bilag_2_Prisskjema.xlsx,18
434619-2026,47538,noticeType,cn-standard,Competition notice,map_notice_type,,2601c_Bilag_2_Prisskjema.xlsx,19
434619-2026,47538,procedureType,open,Open procedure,map_procedure_type,,2601c_Bilag_2_Prisskjema.xlsx,19
434619-2026,392171,noticeType,cn-standard,Competition notice,map_notice_type,,2601c_Bilag_2_Prisskjema.xlsx,20
434619-2026,392171,procedureType,open,Open procedure,map_procedure_type,,2601c_Bilag_2_Prisskjema.xlsx,20
