noticeId,tenderRef,title,country,buyer,productMolecule,moleculeDetected,moleculeVariant,detectionMethod,atcCode,itemNumber,productName,strength,packSize,supplier,maxPrice,packsSoldLast12m,estimatedValue,awardedValue,awardedSupplier,currency,noticeType,status,publicationDate,contractStart,procedureType,sourceDocument,sourceUrl
196990-2022,2021/1727,LIS 2207 Oncology,NO,SYKEHUSINNKJØP HF,Axitinib,False,,atc_in_document,L01EK01,103854,Inlyta tab 1mg,1 mg,56.0,Pfizer Norge AS,6573.91,179.0,,,,NOK,3,,2022-04-13,2022-12-01,1,LIS 2207 - Vedlegg 03 Prisskjema v 2.xlsx,https://ted.europa.eu/en/notice/-/detail/196990-2022
196990-2022,2021/1727,LIS 2207 Oncology,NO,SYKEHUSINNKJØP HF,Axitinib,False,,atc_in_document,L01EK01,39471,Inlyta tab 3mg,3 mg,56.0,Pfizer Norge AS,21849.42,316.0,,,,NOK,3,,2022-04-13,2022-12-01,1,LIS 2207 - Vedlegg 03 Prisskjema v 2.xlsx,https://ted.europa.eu/en/notice/-/detail/196990-2022
196990-2022,2021/1727,LIS 2207 Oncology,NO,SYKEHUSINNKJØP HF,Axitinib,False,,atc_in_document,L01EK01,599010,Inlyta tab 5mg,5 mg,56.0,Pfizer Norge AS,32845.79,634.0,,,,NOK,3,,2022-04-13,2022-12-01,1,LIS 2207 - Vedlegg 03 Prisskjema v 2.xlsx,https://ted.europa.eu/en/notice/-/detail/196990-2022
196990-2022,2021/1727,LIS 2207 Oncology,NO,SYKEHUSINNKJØP HF,Axitinib,False,,atc_in_document,L01EK01,147794,Inlyta tab 7mg,7 mg,56.0,Pfizer Norge AS,46409.29,46.0,,,,NOK,3,,2022-04-13,2022-12-01,1,LIS 2207 - Vedlegg 03 Prisskjema v 2.xlsx,https://ted.europa.eu/en/notice/-/detail/196990-2022
300984-2021,LIS 2234,LIS 2234 Lenalidomide,NO,Sykehusinnkjøp HF,Lenalidomide,True,Lenalidomid,name_in_document,L04AX04,64016,Revlimid kaps 20mg,20 mg,21.0,Celgene AS,,330.0,,,,NOK,3,,2021-06-15,2022-03-01,1,LIS 2234 Vedlegg 03 Prisskjema.xlsx,https://ted.europa.eu/en/notice/-/detail/300984-2021
300984-2021,LIS 2234,LIS 2234 Lenalidomide,NO,Sykehusinnkjøp HF,Lenalidomide,True,Lenalidomid,name_in_document,L04AX04,96488,Revlimid kaps  5mg,5 mg,21.0,Celgene AS,,485.0,,,,NOK,3,,2021-06-15,2022-03-01,1,LIS 2234 Vedlegg 03 Prisskjema.xlsx,https://ted.europa.eu/en/notice/-/detail/300984-2021
300984-2021,LIS 2234,LIS 2234 Lenalidomide,NO,Sykehusinnkjøp HF,Lenalidomide,True,Lenalidomid,name_in_document,L04AX04,96497,Revlimid kaps 10mg,10 mg,21.0,Celgene AS,,2106.0,,,,NOK,3,,2021-06-15,2022-03-01,1,LIS 2234 Vedlegg 03 Prisskjema.xlsx,https://ted.europa.eu/en/notice/-/detail/300984-2021
300984-2021,LIS 2234,LIS 2234 Lenalidomide,NO,Sykehusinnkjøp HF,Lenalidomide,True,Lenalidomid,name_in_document,L04AX04,96506,Revlimid kaps 15mg,15 mg,21.0,Celgene AS,,1881.0,,,,NOK,3,,2021-06-15,2022-03-01,1,LIS 2234 Vedlegg 03 Prisskjema.xlsx,https://ted.europa.eu/en/notice/-/detail/300984-2021
300984-2021,LIS 2234,LIS 2234 Lenalidomide,NO,Sykehusinnkjøp HF,Lenalidomide,True,Lenalidomid,name_in_document,L04AX04,96515,Revlimid kaps 25mg,25 mg,21.0,Celgene AS,,2069.0,,,,NOK,3,,2021-06-15,2022-03-01,1,LIS 2234 Vedlegg 03 Prisskjema.xlsx,https://ted.europa.eu/en/notice/-/detail/300984-2021
300984-2021,LIS 2234,LIS 2234 Lenalidomide,NO,Sykehusinnkjøp HF,Lenalidomide,True,Lenalidomid,name_in_document,L04AX04,467375,"Revlimid kaps  7,5mg",7.5 mg,21.0,Celgene AS,,261.0,,,,NOK,3,,2021-06-15,2022-03-01,1,LIS 2234 Vedlegg 03 Prisskjema.xlsx,https://ted.europa.eu/en/notice/-/detail/300984-2021
300984-2021,LIS 2234,LIS 2234 Lenalidomide,NO,Sykehusinnkjøp HF,Lenalidomide,True,Lenalidomid,name_in_document,L04AX04,540958,"Revlimid kaps  2,5mg",2.5 mg,21.0,Celgene AS,,56.0,,,,NOK,3,,2021-06-15,2022-03-01,1,LIS 2234 Vedlegg 03 Prisskjema.xlsx,https://ted.europa.eu/en/notice/-/detail/300984-2021
404973-2025,2025/50837,2632a Everolimus og mykofenolsyre (enterotablett),NO,Sykehusinnkjøp HF,Everolimus,True,Everolimus,name_in_document,L04AH02,14884,"Certican disperg tab 0,1mg",0.1 mg,60.0,Novartis Norge AS,492.07,,,,,NOK,cn-standard,,,2026-03-31,,2632a Bilag 2 Prisskjema.xlsx,https://ted.europa.eu/en/notice/-/detail/404973-2025
404973-2025,2025/50837,2632a Everolimus og mykofenolsyre (enterotablett),NO,Sykehusinnkjøp HF,Everolimus,True,Everolimus,name_in_document,L04AH02,14917,"Certican disperg tab 0,25mg",0.25 mg,60.0,Novartis Norge AS,1017.61,,,,,NOK,cn-standard,,,2026-03-31,,2632a Bilag 2 Prisskjema.xlsx,https://ted.europa.eu/en/notice/-/detail/404973-2025
404973-2025,2025/50837,2632a Everolimus og mykofenolsyre (enterotablett),NO,Sykehusinnkjøp HF,Everolimus,True,Everolimus,name_in_document,L04AH02,14847,"Certican tab 0,25mg",0.25 mg,60.0,Novartis Norge AS,1017.61,,,,,NOK,cn-standard,,,2026-03-31,,2632a Bilag 2 Prisskjema.xlsx,https://ted.europa.eu/en/notice/-/detail/404973-2025
404973-2025,2025/50837,2632a Everolimus og mykofenolsyre (enterotablett),NO,Sykehusinnkjøp HF,Everolimus,True,Everolimus,name_in_document,L04AH02,14859,"Certican tab 0,5mg",0.5 mg,60.0,Novartis Norge AS,2028.9,,,,,NOK,cn-standard,,,2026-03-31,,2632a Bilag 2 Prisskjema.xlsx,https://ted.europa.eu/en/notice/-/detail/404973-2025
404973-2025,2025/50837,2632a Everolimus og mykofenolsyre (enterotablett),NO,Sykehusinnkjøp HF,Everolimus,True,Everolimus,name_in_document,L04AH02,14853,"Certican tab 0,75mg",0.75 mg,60.0,Novartis Norge AS,3070.93,,,,,NOK,cn-standard,,,2026-03-31,,2632a Bilag 2 Prisskjema.xlsx,https://ted.europa.eu/en/notice/-/detail/404973-2025
404973-2025,2025/50837,2632a Everolimus og mykofenolsyre (enterotablett),NO,Sykehusinnkjøp HF,Everolimus,True,Everolimus,name_in_document,L04AH02,14946,Certican tab 1mg,1 mg,60.0,Novartis Norge AS,4057.8,,,,,NOK,cn-standard,,,2026-03-31,,2632a Bilag 2 Prisskjema.xlsx,https://ted.europa.eu/en/notice/-/detail/404973-2025
244859-2024,2507gj-1,2507gj-1 anagrelid,NO,Sykehusinnkjøp HF,Anagrelide,True,Anagrelide,name_in_document,L01XX35,560023,"Anagrelide bluefish kaps 0,5mg",0.5 mg,100.0,Bluefish Pharmaceuticals AB,4102.51,,,,,NOK,cn-standard,,,2025-04-01,,2507gj-1 Bilag 2 Prisskjema.xlsx,https://ted.europa.eu/en/notice/-/detail/244859-2024
244859-2024,2507gj-1,2507gj-1 anagrelid,NO,Sykehusinnkjøp HF,Anagrelide,True,Anagrelide,name_in_document,L01XX35,191597,"Anagrelide sandoz kaps 0,5mg",0.5 mg,100.0,Sandoz A/S,,,,,,NOK,cn-standard,,,2025-04-01,,2507gj-1 Bilag 2 Prisskjema.xlsx,https://ted.europa.eu/en/notice/-/detail/244859-2024
244859-2024,2507gj-1,2507gj-1 anagrelid,NO,Sykehusinnkjøp HF,Anagrelide,True,Anagrelid,name_in_document,L01XX35,21999,"Xagrid kaps 0,5mg",0.5 mg,100.0,Takeda AS,4102.51,,,,,NOK,cn-standard,,,2025-04-01,,2507gj-1 Bilag 2 Prisskjema.xlsx,https://ted.europa.eu/en/notice/-/detail/244859-2024
244859-2024,2507gj-1,2507gj-1 anagrelid,NO,Sykehusinnkjøp HF,Anagrelide,True,Anagrelid,name_in_document,L01XX35,39496,"Xagrid Kapsel, hard 0,5 mg",0.5 mg,0.0,,4102.51,,,,,NOK,cn-standard,,,2025-04-01,,2507gj-1 Bilag 2 Prisskjema.xlsx,https://ted.europa.eu/en/notice/-/detail/244859-2024
244859-2024,2507gj-1,2507gj-1 anagrelid,NO,Sykehusinnkjøp HF,Anagrelide,True,Anagrelide,name_in_document,L01XX35,110090,"Anagrelide AOP Kapsel, hard 0,5 mg",0.5 mg,100.0,,,,,,,NOK,cn-standard,,,2025-04-01,,2507gj-1 Bilag 2 Prisskjema.xlsx,https://ted.europa.eu/en/notice/-/detail/244859-2024
244859-2024,2507gj-1,2507gj-1 anagrelid,NO,Sykehusinnkjøp HF,Anagrelide,True,Anagrelide,name_in_document,L01XX35,290239,"Anagrelide sandoz kaps 0,5mg",0.5 mg,100.0,Sandoz A/S,,,,,,NOK,cn-standard,,,2025-04-01,,2507gj-1 Bilag 2 Prisskjema.xlsx,https://ted.europa.eu/en/notice/-/detail/244859-2024
682047-2022,2022/227,"Voluntary ex-ante transparency notice - Supplementary contracts for LIS 2301d ureg, ATC codes J05AF01, N05AX13, N05CD08, P01CX04, S01AX18, S01EE09 and V03AB13",NO,SYKEHUSINNKJØP HF,Paliperidone,True,Paliperidon,name_in_document,N05AX13,214209,"Xeplion Depotinjeksjonsvæske, suspensjon 25 mg/sprøyte",25 mg,,Grossister vgr 6,,50.0,,,,NOK,V,,2022-12-08,,V,2301d Vedlegg 03 Prisskjema legem versj1.xlsx,https://ted.europa.eu/en/notice/-/detail/682047-2022
682047-2022,2022/227,"Voluntary ex-ante transparency notice - Supplementary contracts for LIS 2301d ureg, ATC codes J05AF01, N05AX13, N05CD08, P01CX04, S01AX18, S01EE09 and V03AB13",NO,SYKEHUSINNKJØP HF,Paliperidone,True,Paliperidon,name_in_document,N05AX13,362150,"Xeplion Depotinjeksjonsvæske, suspensjon 25 mg/sprøyte",25 mg,,#N/A,,0.0,,,,NOK,V,,2022-12-08,,V,2301d Vedlegg 03 Prisskjema legem versj1.xlsx,https://ted.europa.eu/en/notice/-/detail/682047-2022
434619-2026,2601c,2601c paliperidone,NO,Sykehusinnkjøp HF,Paliperidone,True,Paliperidon,name_in_document,N05AX13,480609,Palmeux depotinj  50mg/spr,50 mg,1.0,Amdipharm Limited,1237.43,396.0,,,,NOK,cn-standard,,,2026-11-01,,2601c_Bilag_2_Prisskjema.xlsx,https://ted.europa.eu/en/notice/-/detail/434619-2026
434619-2026,2601c,2601c paliperidone,NO,Sykehusinnkjøp HF,Paliperidone,True,Paliperidon,name_in_document,N05AX13,379151,Palmeux depotinj  75mg/spr,75 mg,1.0,Amdipharm Limited,1582.91,1090.0,,,,NOK,cn-standard,,,2026-11-01,,2601c_Bilag_2_Prisskjema.xlsx,https://ted.europa.eu/en/notice/-/detail/434619-2026
434619-2026,2601c,2601c paliperidone,NO,Sykehusinnkjøp HF,Paliperidone,True,Paliperidon,name_in_document,N05AX13,556066,Palmeux depotinj 100mg/spr,100 mg,1.0,Amdipharm Limited,1967.77,2028.0,,,,NOK,cn-standard,,,2026-11-01,,2601c_Bilag_2_Prisskjema.xlsx,https://ted.europa.eu/en/notice/-/detail/434619-2026
434619-2026,2601c,2601c paliperidone,NO,Sykehusinnkjøp HF,Paliperidone,True,Paliperidon,name_in_document,N05AX13,122031,Palmeux depotinj 150mg/spr,150 mg,1.0,Amdipharm Limited,2749.81,1510.0,,,,NOK,cn-standard,,,2026-11-01,,2601c_Bilag_2_Prisskjema.xlsx,https://ted.europa.eu/en/notice/-/detail/434619-2026
434619-2026,2601c,2601c paliperidone,NO,Sykehusinnkjøp HF,Paliperidone,True,Paliperidon,name_in_document,N05AX13,58609,Xeplion depotinj  50mg/spr,50 mg,1.0,Janssen-Cilag AS,1237.43,458.0,,,,NOK,cn-standard,,,2026-11-01,,2601c_Bilag_2_Prisskjema.xlsx,https://ted.europa.eu/en/notice/-/detail/434619-2026
434619-2026,2601c,2601c paliperidone,NO,Sykehusinnkjøp HF,Paliperidone,True,Paliperidon,name_in_document,N05AX13,307903,Xeplion depotinj  75mg/spr,75 mg,1.0,Janssen-Cilag AS,,74.0,,,,NOK,cn-standard,,,2026-11-01,,2601c_Bilag_2_Prisskjema.xlsx,https://ted.europa.eu/en/notice/-/detail/434619-2026
434619-2026,2601c,2601c paliperidone,NO,Sykehusinnkjøp HF,Paliperidone,True,Paliperidon,name_in_document,N05AX13,412581,Xeplion depotinj  75mg/spr,75 mg,1.0,Janssen-Cilag AS,1582.91,657.0,,,,NOK,cn-standard,,,2026-11-01,,2601c_Bilag_2_Prisskjema.xlsx,https://ted.europa.eu/en/notice/-/detail/434619-2026
434619-2026,2601c,2601c paliperidone,NO,Sykehusinnkjøp HF,Paliperidone,True,Paliperidon,name_in_document,N05AX13,220132,Xeplion depotinj 100mg/spr,100 mg,1.0,Janssen-Cilag AS,,323.0,,,,NOK,cn-standard,,,2026-11-01,,2601c_Bilag_2_Prisskjema.xlsx,https://ted.europa.eu/en/notice/-/detail/434619-2026
434619-2026,2601c,2601c paliperidone,NO,Sykehusinnkjøp HF,Paliperidone,True,Paliperidon,name_in_document,N05AX13,409745,Xeplion depotinj 100mg/spr,100 mg,1.0,Janssen-Cilag AS,1967.77,874.0,,,,NOK,cn-standard,,,2026-11-01,,2601c_Bilag_2_Prisskjema.xlsx,https://ted.europa.eu/en/notice/-/detail/434619-2026
434619-2026,2601c,2601c paliperidone,NO,Sykehusinnkjøp HF,Paliperidone,True,Paliperidon,name_in_document,N05AX13,343892,Xeplion depotinj 150mg/spr,150 mg,1.0,Janssen-Cilag AS,,0.0,,,,NOK,cn-standard,,,2026-11-01,,2601c_Bilag_2_Prisskjema.xlsx,https://ted.europa.eu/en/notice/-/detail/434619-2026
434619-2026,2601c,2601c paliperidone,NO,Sykehusinnkjøp HF,Paliperidone,True,Paliperidon,name_in_document,N05AX13,536460,Xeplion depotinj 150mg/spr,150 mg,1.0,Janssen-Cilag AS,2749.81,1381.0,,,,NOK,cn-standard,,,2026-11-01,,2601c_Bilag_2_Prisskjema.xlsx,https://ted.europa.eu/en/notice/-/detail/434619-2026
434619-2026,2601c,2601c paliperidone,NO,Sykehusinnkjøp HF,Paliperidone,True,Paliperidon,name_in_document,N05AX13,445725,Xeplion ori depotinj 150mg/spr,150 mg,1.0,Orifarm AS,2749.81,0.0,,,,NOK,cn-standard,,,2026-11-01,,2601c_Bilag_2_Prisskjema.xlsx,https://ted.europa.eu/en/notice/-/detail/434619-2026
434619-2026,2601c,2601c paliperidone,NO,Sykehusinnkjøp HF,Paliperidone,True,Paliperidon,name_in_document,N05AX13,536742,Paliperidon zen depinj  50mg,50 mg,1.0,Zentiva Denmark ApS,1237.43,0.0,,,,NOK,cn-standard,,,2026-11-01,,2601c_Bilag_2_Prisskjema.xlsx,https://ted.europa.eu/en/notice/-/detail/434619-2026
434619-2026,2601c,2601c paliperidone,NO,Sykehusinnkjøp HF,Paliperidone,True,Paliperidon,name_in_document,N05AX13,549759,Paliperidon zen depinj  75mg,75 mg,1.0,Zentiva Denmark ApS,1582.91,0.0,,,,NOK,cn-standard,,,2026-11-01,,2601c_Bilag_2_Prisskjema.xlsx,https://ted.europa.eu/en/notice/-/detail/434619-2026
434619-2026,2601c,2601c paliperidone,NO,Sykehusinnkjøp HF,Paliperidone,True,Paliperidon,name_in_document,N05AX13,47538,Paliperidon zen depinj 100mg,100 mg,1.0,Zentiva Denmark ApS,1967.77,0.0,,,,NOK,cn-standard,,,2026-11-01,,2601c_Bilag_2_Prisskjema.xlsx,https://ted.europa.eu/en/notice/-/detail/434619-2026
434619-2026,2601c,2601c paliperidone,NO,Sykehusinnkjøp HF,Paliperidone,True,Paliperidon,name_in_document,N05AX13,392171,Paliperidon zen depinj 150mg,150 mg,1.0,Zentiva Denmark ApS,2749.81,0.0,,,,NOK,cn-standard,,,2026-11-01,,2601c_Bilag_2_Prisskjema.xlsx,https://ted.europa.eu/en/notice/-/detail/434619-2026
