localFile,sheet,sourceRow,targetMolecule,itemNumber,productName,rawStrength,rawPackDescription,dosageForm,gtin,rawSupplier,rawAtc,rawMolecule,volumeRaw,volumePeriodLabel,volumePeriodStart,volumePeriodEnd,priceType,maxPriceRaw,offeredGip,parserWarnings,matchedTerm,evidenceLevel,detectionMethod,volumeIsTwelveMonths,volumeInterpretationWarning,volumeEvidence,maxPriceSource,maxPriceEffectiveDate,tenderDocumentMaxAip,dmpMaxAip,priceDifference,priceDifferencePct,dmpJoinOutcome,dmpTemporalWarning,supplierExportDecision,supplierRejectionReason,packSizeValidityDecision,packSizeExportWarning,rawNoticeType,rawProcedureType
Axitinib__LIS_2207_Oncology/LIS 2207 - Vedlegg 03 Prisskjema v 2.xlsx,Prisskjema,159,Axitinib,103854,Inlyta tab 1mg,1mg,56 ENPAC,,,Pfizer Norge AS,L01EK01,,179,PAKNINGER 2021,2021-01-01,2021-12-31,,,,,L01EK01,document_atc,atc_in_document,true,Calendar-year proxy PAKNINGER 2021 used as documented 12-month historical volume.,Prisskjema header PAKNINGER 2021 (full calendar year).,dmp_current_reference,2026-08-03,,6573.91,,,exact_validated,DMP maximum AIP effective 2026-08-03 is a current-reference enrichment; not tender-time maximum price for historical procedures.,exported,,valid,,3,1
Axitinib__LIS_2207_Oncology/LIS 2207 - Vedlegg 03 Prisskjema v 2.xlsx,Prisskjema,160,Axitinib,39471,Inlyta tab 3mg,3mg,56 ENPAC,,,Pfizer Norge AS,L01EK01,,316,PAKNINGER 2021,2021-01-01,2021-12-31,,,,,L01EK01,document_atc,atc_in_document,true,Calendar-year proxy PAKNINGER 2021 used as documented 12-month historical volume.,Prisskjema header PAKNINGER 2021 (full calendar year).,dmp_current_reference,2026-08-03,,21849.42,,,exact_validated,DMP maximum AIP effective 2026-08-03 is a current-reference enrichment; not tender-time maximum price for historical procedures.,exported,,valid,,3,1
Axitinib__LIS_2207_Oncology/LIS 2207 - Vedlegg 03 Prisskjema v 2.xlsx,Prisskjema,161,Axitinib,599010,Inlyta tab 5mg,5mg,56 ENPAC,,,Pfizer Norge AS,L01EK01,,634,PAKNINGER 2021,2021-01-01,2021-12-31,,,,,L01EK01,document_atc,atc_in_document,true,Calendar-year proxy PAKNINGER 2021 used as documented 12-month historical volume.,Prisskjema header PAKNINGER 2021 (full calendar year).,dmp_current_reference,2026-08-03,,32845.79,,,exact_validated,DMP maximum AIP effective 2026-08-03 is a current-reference enrichment; not tender-time maximum price for historical procedures.,exported,,valid,,3,1
Axitinib__LIS_2207_Oncology/LIS 2207 - Vedlegg 03 Prisskjema v 2.xlsx,Prisskjema,162,Axitinib,147794,Inlyta tab 7mg,7mg,56 ENPAC,,,Pfizer Norge AS,L01EK01,,46,PAKNINGER 2021,2021-01-01,2021-12-31,,,,,L01EK01,document_atc,atc_in_document,true,Calendar-year proxy PAKNINGER 2021 used as documented 12-month historical volume.,Prisskjema header PAKNINGER 2021 (full calendar year).,dmp_current_reference,2026-08-03,,46409.29,,,exact_validated,DMP maximum AIP effective 2026-08-03 is a current-reference enrichment; not tender-time maximum price for historical procedures.,exported,,valid,,3,1
Lenalidomide__LIS_2234/LIS 2234 Vedlegg 03 Prisskjema.xlsx,Prisskjema,4,Lenalidomide,64016,Revlimid kaps 20mg,20mg,21 ENPAC,,,Celgene AS,L04AX04,Lenalidomid,330,PAKNINGER 2020,2020-01-01,2020-12-31,,,,,lenalidomid,document_name_and_atc,name_in_document,true,Calendar-year proxy PAKNINGER 2020 used as documented 12-month historical volume.,Prisskjema header PAKNINGER 2020 (full calendar year).,,,,,,,no_item_match,,exported,,valid,,3,1
Lenalidomide__LIS_2234/LIS 2234 Vedlegg 03 Prisskjema.xlsx,Prisskjema,5,Lenalidomide,96488,Revlimid kaps  5mg,5mg,21 ENPAC,,,Celgene AS,L04AX04,Lenalidomid,485,PAKNINGER 2020,2020-01-01,2020-12-31,,,,,lenalidomid,document_name_and_atc,name_in_document,true,Calendar-year proxy PAKNINGER 2020 used as documented 12-month historical volume.,Prisskjema header PAKNINGER 2020 (full calendar year).,,,,,,,no_item_match,,exported,,valid,,3,1
Lenalidomide__LIS_2234/LIS 2234 Vedlegg 03 Prisskjema.xlsx,Prisskjema,6,Lenalidomide,96497,Revlimid kaps 10mg,10mg,21 ENPAC,,,Celgene AS,L04AX04,Lenalidomid,2106,PAKNINGER 2020,2020-01-01,2020-12-31,,,,,lenalidomid,document_name_and_atc,name_in_document,true,Calendar-year proxy PAKNINGER 2020 used as documented 12-month historical volume.,Prisskjema header PAKNINGER 2020 (full calendar year).,,,,,,,no_item_match,,exported,,valid,,3,1
Lenalidomide__LIS_2234/LIS 2234 Vedlegg 03 Prisskjema.xlsx,Prisskjema,7,Lenalidomide,96506,Revlimid kaps 15mg,15mg,21 ENPAC,,,Celgene AS,L04AX04,Lenalidomid,1881,PAKNINGER 2020,2020-01-01,2020-12-31,,,,,lenalidomid,document_name_and_atc,name_in_document,true,Calendar-year proxy PAKNINGER 2020 used as documented 12-month historical volume.,Prisskjema header PAKNINGER 2020 (full calendar year).,,,,,,,no_item_match,,exported,,valid,,3,1
Lenalidomide__LIS_2234/LIS 2234 Vedlegg 03 Prisskjema.xlsx,Prisskjema,8,Lenalidomide,96515,Revlimid kaps 25mg,25mg,21 ENPAC,,,Celgene AS,L04AX04,Lenalidomid,2069,PAKNINGER 2020,2020-01-01,2020-12-31,,,,,lenalidomid,document_name_and_atc,name_in_document,true,Calendar-year proxy PAKNINGER 2020 used as documented 12-month historical volume.,Prisskjema header PAKNINGER 2020 (full calendar year).,,,,,,,no_item_match,,exported,,valid,,3,1
Lenalidomide__LIS_2234/LIS 2234 Vedlegg 03 Prisskjema.xlsx,Prisskjema,9,Lenalidomide,467375,"Revlimid kaps  7,5mg","7,5mg",21 ENPAC,,,Celgene AS,L04AX04,Lenalidomid,261,PAKNINGER 2020,2020-01-01,2020-12-31,,,,,lenalidomid,document_name_and_atc,name_in_document,true,Calendar-year proxy PAKNINGER 2020 used as documented 12-month historical volume.,Prisskjema header PAKNINGER 2020 (full calendar year).,,,,,,,no_item_match,,exported,,valid,,3,1
Lenalidomide__LIS_2234/LIS 2234 Vedlegg 03 Prisskjema.xlsx,Prisskjema,10,Lenalidomide,540958,"Revlimid kaps  2,5mg","2,5mg",21 ENPAC,,,Celgene AS,L04AX04,Lenalidomid,56,PAKNINGER 2020,2020-01-01,2020-12-31,,,,,lenalidomid,document_name_and_atc,name_in_document,true,Calendar-year proxy PAKNINGER 2020 used as documented 12-month historical volume.,Prisskjema header PAKNINGER 2020 (full calendar year).,,,,,,,no_item_match,,exported,,valid,,3,1
Everolimus__2632a/2632a Bilag 2 Prisskjema.xlsx,Prisskjema,7,Everolimus,14884,"Certican disperg tab 0,1mg","0,1mg",60,,,Novartis Norge AS,L04AH02,Everolimus,,Pakningssalg,,,max_aip,492.07,,,everolimus,document_name_and_atc,name_in_document,false,Volume period not documented; packsSoldLast12m left blank.,No explicit 12-month or calendar-year volume label in source.,tender_document,,492.07,492.07,0.0,0.0,exact_validated,,exported,,valid,,cn-standard,open
Everolimus__2632a/2632a Bilag 2 Prisskjema.xlsx,Prisskjema,8,Everolimus,14917,"Certican disperg tab 0,25mg","0,25mg",60,,,Novartis Norge AS,L04AH02,Everolimus,,Pakningssalg,,,max_aip,1017.61,,,everolimus,document_name_and_atc,name_in_document,false,Volume period not documented; packsSoldLast12m left blank.,No explicit 12-month or calendar-year volume label in source.,tender_document,,1017.61,1017.61,0.0,0.0,exact_validated,,exported,,valid,,cn-standard,open
Everolimus__2632a/2632a Bilag 2 Prisskjema.xlsx,Prisskjema,9,Everolimus,14847,"Certican tab 0,25mg","0,25mg",60,,,Novartis Norge AS,L04AH02,Everolimus,,Pakningssalg,,,max_aip,1017.61,,,everolimus,document_name_and_atc,name_in_document,false,Volume period not documented; packsSoldLast12m left blank.,No explicit 12-month or calendar-year volume label in source.,tender_document,,1017.61,1017.61,0.0,0.0,exact_validated,,exported,,valid,,cn-standard,open
Everolimus__2632a/2632a Bilag 2 Prisskjema.xlsx,Prisskjema,10,Everolimus,14859,"Certican tab 0,5mg","0,5mg",60,,,Novartis Norge AS,L04AH02,Everolimus,,Pakningssalg,,,max_aip,2028.9,,,everolimus,document_name_and_atc,name_in_document,false,Volume period not documented; packsSoldLast12m left blank.,No explicit 12-month or calendar-year volume label in source.,tender_document,,2028.9,2028.9,0.0,0.0,exact_validated,,exported,,valid,,cn-standard,open
Everolimus__2632a/2632a Bilag 2 Prisskjema.xlsx,Prisskjema,11,Everolimus,14853,"Certican tab 0,75mg","0,75mg",60,,,Novartis Norge AS,L04AH02,Everolimus,,Pakningssalg,,,max_aip,3070.93,,,everolimus,document_name_and_atc,name_in_document,false,Volume period not documented; packsSoldLast12m left blank.,No explicit 12-month or calendar-year volume label in source.,tender_document,,3070.93,3070.93,0.0,0.0,exact_validated,,exported,,valid,,cn-standard,open
Everolimus__2632a/2632a Bilag 2 Prisskjema.xlsx,Prisskjema,12,Everolimus,14946,Certican tab 1mg,1mg,60,,,Novartis Norge AS,L04AH02,Everolimus,,Pakningssalg,,,max_aip,4057.8,,,everolimus,document_name_and_atc,name_in_document,false,Volume period not documented; packsSoldLast12m left blank.,No explicit 12-month or calendar-year volume label in source.,tender_document,,4057.8,4057.8,0.0,0.0,exact_validated,,exported,,valid,,cn-standard,open
Anagrelide__2507gj-1/2507gj-1 Bilag 2 Prisskjema.xlsx,Prisskjema,5,Anagrelide,560023,"Anagrelide bluefish kaps 0,5mg","0,5mg",100,,,Bluefish Pharmaceuticals AB,L01XX35,Anagrelid,,Pakningssalg,,,,,,,anagrelide,document_name_and_atc,name_in_document,false,Volume period not documented; packsSoldLast12m left blank.,No explicit 12-month or calendar-year volume label in source.,dmp_current_reference,2026-08-03,,4102.51,,,exact_validated,DMP maximum AIP effective 2026-08-03 is a current-reference enrichment; not tender-time maximum price for historical procedures.,exported,,valid,,cn-standard,open
Anagrelide__2507gj-1/2507gj-1 Bilag 2 Prisskjema.xlsx,Prisskjema,6,Anagrelide,191597,"Anagrelide sandoz kaps 0,5mg","0,5mg",100,,,Sandoz A/S,L01XX35,Anagrelid,,Pakningssalg,,,,,,,anagrelide,document_name_and_atc,name_in_document,false,Volume period not documented; packsSoldLast12m left blank.,No explicit 12-month or calendar-year volume label in source.,,,,,,,no_item_match,,exported,,valid,,cn-standard,open
Anagrelide__2507gj-1/2507gj-1 Bilag 2 Prisskjema.xlsx,Prisskjema,7,Anagrelide,21999,"Xagrid kaps 0,5mg","0,5mg",100,,,Takeda AS,L01XX35,Anagrelid,,Pakningssalg,,,,,,,anagrelid,document_name_and_atc,name_in_document,false,Volume period not documented; packsSoldLast12m left blank.,No explicit 12-month or calendar-year volume label in source.,dmp_current_reference,2026-08-03,,4102.51,,,exact_validated,DMP maximum AIP effective 2026-08-03 is a current-reference enrichment; not tender-time maximum price for historical procedures.,exported,,valid,,cn-standard,open
Anagrelide__2507gj-1/2507gj-1 Bilag 2 Prisskjema.xlsx,Prisskjema,8,Anagrelide,39496,"Xagrid Kapsel, hard 0,5 mg","0,5 mg",0,,,,L01XX35,Anagrelid,,Pakningssalg,,,,,,invalid_zero_pack_size,anagrelid,document_name_and_atc,name_in_document,false,Volume period not documented; packsSoldLast12m left blank.,No explicit 12-month or calendar-year volume label in source.,dmp_current_reference,2026-08-03,,4102.51,,,exact_validated,DMP maximum AIP effective 2026-08-03 is a current-reference enrichment; not tender-time maximum price for historical procedures.,blanked,,invalid,invalid_zero_pack_size,cn-standard,open
Anagrelide__2507gj-1/2507gj-1 Bilag 2 Prisskjema.xlsx,Prisskjema,9,Anagrelide,110090,"Anagrelide AOP Kapsel, hard 0,5 mg","0,5 mg",100,,,,L01XX35,Anagrelid,,Pakningssalg,,,,,,,anagrelide,document_name_and_atc,name_in_document,false,Volume period not documented; packsSoldLast12m left blank.,No explicit 12-month or calendar-year volume label in source.,,,,,,,no_item_match,,blanked,,valid,,cn-standard,open
Anagrelide__2507gj-1/2507gj-1 Bilag 2 Prisskjema.xlsx,Prisskjema,10,Anagrelide,290239,"Anagrelide sandoz kaps 0,5mg","0,5mg",100,,,Sandoz A/S,L01XX35,Anagrelid,,Pakningssalg,,,,,,,anagrelide,document_name_and_atc,name_in_document,false,Volume period not documented; packsSoldLast12m left blank.,No explicit 12-month or calendar-year volume label in source.,,,,,,,no_item_match,,exported,,valid,,cn-standard,open
Paliperidone__LIS_2301d/2301d Vedlegg 03 Prisskjema legem versj1.xlsx,Prisskjema,425,Paliperidone,214209,"Xeplion Depotinjeksjonsvæske, suspensjon 25 mg/sprøyte",25mg/spr,#N/A,,,Grossister vgr 6,N05AX13,Paliperidon,50,PAKNINGER 2021,2021-01-01,2021-12-31,,,,supplier_grouping_label_not_exported,paliperidon,document_name_and_atc,name_in_document,true,Calendar-year proxy PAKNINGER 2021 used as documented 12-month historical volume.,Prisskjema header PAKNINGER 2021 (full calendar year).,,,,,,,no_item_match,,blanked,supplier_grouping_label_not_legal_entity,valid,,V,V
Paliperidone__LIS_2301d/2301d Vedlegg 03 Prisskjema legem versj1.xlsx,Prisskjema,426,Paliperidone,362150,"Xeplion Depotinjeksjonsvæske, suspensjon 25 mg/sprøyte",25 mg/sprøyte,#N/A,,,#N/A,N05AX13,Paliperidon,0,PAKNINGER 2021,2021-01-01,2021-12-31,,,,supplier_spreadsheet_error_not_exported,paliperidon,document_name_and_atc,name_in_document,true,Calendar-year proxy PAKNINGER 2021 used as documented 12-month historical volume.,Prisskjema header PAKNINGER 2021 (full calendar year).,,,,,,,no_item_match,,blanked,spreadsheet_error_placeholder,valid,,V,V
Paliperidone__2601c/2601c_Bilag_2_Prisskjema.xlsx,Prisskjema,5,Paliperidone,480609,Palmeux depotinj  50mg/spr,50mg/spr,1,,,Amdipharm Limited,N05AX13,Paliperidon,396,Solgte pakninger siste 12 mnd (Pakningssalg),,,max_aip,1237.43,,,paliperidon,document_name_and_atc,name_in_document,true,Column labelled 'Pakningssalg' with sub-header 'Solgte pakninger siste 12 mnd'; Veiledning states volumes from Sykehusapotekenes legemiddelstatistikk without calendar dates.,2601c_Bilag_2_Prisskjema.xlsx: Veiledning row 9 'Antall pakninger er hentet fra Sykehusapotekenes legemiddelstatistikk'; Prisskjema row 3 'Solgte pakninger siste 12 mnd'; header row 4 'Pakningssalg'.,tender_document,,1237.43,1237.43,0.0,0.0,exact_validated,,exported,,valid,,cn-standard,open
Paliperidone__2601c/2601c_Bilag_2_Prisskjema.xlsx,Prisskjema,6,Paliperidone,379151,Palmeux depotinj  75mg/spr,75mg/spr,1,,,Amdipharm Limited,N05AX13,Paliperidon,1090,Solgte pakninger siste 12 mnd (Pakningssalg),,,max_aip,1582.91,,,paliperidon,document_name_and_atc,name_in_document,true,Column labelled 'Pakningssalg' with sub-header 'Solgte pakninger siste 12 mnd'; Veiledning states volumes from Sykehusapotekenes legemiddelstatistikk without calendar dates.,2601c_Bilag_2_Prisskjema.xlsx: Veiledning row 9 'Antall pakninger er hentet fra Sykehusapotekenes legemiddelstatistikk'; Prisskjema row 3 'Solgte pakninger siste 12 mnd'; header row 4 'Pakningssalg'.,tender_document,,1582.91,1582.91,0.0,0.0,exact_validated,,exported,,valid,,cn-standard,open
Paliperidone__2601c/2601c_Bilag_2_Prisskjema.xlsx,Prisskjema,7,Paliperidone,556066,Palmeux depotinj 100mg/spr,100mg/spr,1,,,Amdipharm Limited,N05AX13,Paliperidon,2028,Solgte pakninger siste 12 mnd (Pakningssalg),,,max_aip,1967.77,,,paliperidon,document_name_and_atc,name_in_document,true,Column labelled 'Pakningssalg' with sub-header 'Solgte pakninger siste 12 mnd'; Veiledning states volumes from Sykehusapotekenes legemiddelstatistikk without calendar dates.,2601c_Bilag_2_Prisskjema.xlsx: Veiledning row 9 'Antall pakninger er hentet fra Sykehusapotekenes legemiddelstatistikk'; Prisskjema row 3 'Solgte pakninger siste 12 mnd'; header row 4 'Pakningssalg'.,tender_document,,1967.77,1967.77,0.0,0.0,exact_validated,,exported,,valid,,cn-standard,open
Paliperidone__2601c/2601c_Bilag_2_Prisskjema.xlsx,Prisskjema,8,Paliperidone,122031,Palmeux depotinj 150mg/spr,150mg/spr,1,,,Amdipharm Limited,N05AX13,Paliperidon,1510,Solgte pakninger siste 12 mnd (Pakningssalg),,,max_aip,2749.81,,,paliperidon,document_name_and_atc,name_in_document,true,Column labelled 'Pakningssalg' with sub-header 'Solgte pakninger siste 12 mnd'; Veiledning states volumes from Sykehusapotekenes legemiddelstatistikk without calendar dates.,2601c_Bilag_2_Prisskjema.xlsx: Veiledning row 9 'Antall pakninger er hentet fra Sykehusapotekenes legemiddelstatistikk'; Prisskjema row 3 'Solgte pakninger siste 12 mnd'; header row 4 'Pakningssalg'.,tender_document,,2749.81,2749.81,0.0,0.0,exact_validated,,exported,,valid,,cn-standard,open
Paliperidone__2601c/2601c_Bilag_2_Prisskjema.xlsx,Prisskjema,9,Paliperidone,58609,Xeplion depotinj  50mg/spr,50mg/spr,1,,,Janssen-Cilag AS,N05AX13,Paliperidon,458,Solgte pakninger siste 12 mnd (Pakningssalg),,,max_aip,1237.43,,,paliperidon,document_name_and_atc,name_in_document,true,Column labelled 'Pakningssalg' with sub-header 'Solgte pakninger siste 12 mnd'; Veiledning states volumes from Sykehusapotekenes legemiddelstatistikk without calendar dates.,2601c_Bilag_2_Prisskjema.xlsx: Veiledning row 9 'Antall pakninger er hentet fra Sykehusapotekenes legemiddelstatistikk'; Prisskjema row 3 'Solgte pakninger siste 12 mnd'; header row 4 'Pakningssalg'.,tender_document,,1237.43,1237.43,0.0,0.0,exact_validated,,exported,,valid,,cn-standard,open
Paliperidone__2601c/2601c_Bilag_2_Prisskjema.xlsx,Prisskjema,10,Paliperidone,307903,Xeplion depotinj  75mg/spr,75mg/spr,1,,,Janssen-Cilag AS,N05AX13,Paliperidon,74,Solgte pakninger siste 12 mnd (Pakningssalg),,,,,,,paliperidon,document_name_and_atc,name_in_document,true,Column labelled 'Pakningssalg' with sub-header 'Solgte pakninger siste 12 mnd'; Veiledning states volumes from Sykehusapotekenes legemiddelstatistikk without calendar dates.,2601c_Bilag_2_Prisskjema.xlsx: Veiledning row 9 'Antall pakninger er hentet fra Sykehusapotekenes legemiddelstatistikk'; Prisskjema row 3 'Solgte pakninger siste 12 mnd'; header row 4 'Pakningssalg'.,,,,,,,no_item_match,,exported,,valid,,cn-standard,open
Paliperidone__2601c/2601c_Bilag_2_Prisskjema.xlsx,Prisskjema,11,Paliperidone,412581,Xeplion depotinj  75mg/spr,75mg/spr,1,,,Janssen-Cilag AS,N05AX13,Paliperidon,657,Solgte pakninger siste 12 mnd (Pakningssalg),,,max_aip,1582.91,,,paliperidon,document_name_and_atc,name_in_document,true,Column labelled 'Pakningssalg' with sub-header 'Solgte pakninger siste 12 mnd'; Veiledning states volumes from Sykehusapotekenes legemiddelstatistikk without calendar dates.,2601c_Bilag_2_Prisskjema.xlsx: Veiledning row 9 'Antall pakninger er hentet fra Sykehusapotekenes legemiddelstatistikk'; Prisskjema row 3 'Solgte pakninger siste 12 mnd'; header row 4 'Pakningssalg'.,tender_document,,1582.91,1582.91,0.0,0.0,exact_validated,,exported,,valid,,cn-standard,open
Paliperidone__2601c/2601c_Bilag_2_Prisskjema.xlsx,Prisskjema,12,Paliperidone,220132,Xeplion depotinj 100mg/spr,100mg/spr,1,,,Janssen-Cilag AS,N05AX13,Paliperidon,323,Solgte pakninger siste 12 mnd (Pakningssalg),,,,,,,paliperidon,document_name_and_atc,name_in_document,true,Column labelled 'Pakningssalg' with sub-header 'Solgte pakninger siste 12 mnd'; Veiledning states volumes from Sykehusapotekenes legemiddelstatistikk without calendar dates.,2601c_Bilag_2_Prisskjema.xlsx: Veiledning row 9 'Antall pakninger er hentet fra Sykehusapotekenes legemiddelstatistikk'; Prisskjema row 3 'Solgte pakninger siste 12 mnd'; header row 4 'Pakningssalg'.,,,,,,,no_item_match,,exported,,valid,,cn-standard,open
Paliperidone__2601c/2601c_Bilag_2_Prisskjema.xlsx,Prisskjema,13,Paliperidone,409745,Xeplion depotinj 100mg/spr,100mg/spr,1,,,Janssen-Cilag AS,N05AX13,Paliperidon,874,Solgte pakninger siste 12 mnd (Pakningssalg),,,max_aip,1967.77,,,paliperidon,document_name_and_atc,name_in_document,true,Column labelled 'Pakningssalg' with sub-header 'Solgte pakninger siste 12 mnd'; Veiledning states volumes from Sykehusapotekenes legemiddelstatistikk without calendar dates.,2601c_Bilag_2_Prisskjema.xlsx: Veiledning row 9 'Antall pakninger er hentet fra Sykehusapotekenes legemiddelstatistikk'; Prisskjema row 3 'Solgte pakninger siste 12 mnd'; header row 4 'Pakningssalg'.,tender_document,,1967.77,1967.77,0.0,0.0,exact_validated,,exported,,valid,,cn-standard,open
Paliperidone__2601c/2601c_Bilag_2_Prisskjema.xlsx,Prisskjema,14,Paliperidone,343892,Xeplion depotinj 150mg/spr,150mg/spr,1,,,Janssen-Cilag AS,N05AX13,Paliperidon,0,Solgte pakninger siste 12 mnd (Pakningssalg),,,,,,,paliperidon,document_name_and_atc,name_in_document,true,Column labelled 'Pakningssalg' with sub-header 'Solgte pakninger siste 12 mnd'; Veiledning states volumes from Sykehusapotekenes legemiddelstatistikk without calendar dates.,2601c_Bilag_2_Prisskjema.xlsx: Veiledning row 9 'Antall pakninger er hentet fra Sykehusapotekenes legemiddelstatistikk'; Prisskjema row 3 'Solgte pakninger siste 12 mnd'; header row 4 'Pakningssalg'.,,,,,,,no_item_match,,exported,,valid,,cn-standard,open
Paliperidone__2601c/2601c_Bilag_2_Prisskjema.xlsx,Prisskjema,15,Paliperidone,536460,Xeplion depotinj 150mg/spr,150mg/spr,1,,,Janssen-Cilag AS,N05AX13,Paliperidon,1381,Solgte pakninger siste 12 mnd (Pakningssalg),,,max_aip,2749.81,,,paliperidon,document_name_and_atc,name_in_document,true,Column labelled 'Pakningssalg' with sub-header 'Solgte pakninger siste 12 mnd'; Veiledning states volumes from Sykehusapotekenes legemiddelstatistikk without calendar dates.,2601c_Bilag_2_Prisskjema.xlsx: Veiledning row 9 'Antall pakninger er hentet fra Sykehusapotekenes legemiddelstatistikk'; Prisskjema row 3 'Solgte pakninger siste 12 mnd'; header row 4 'Pakningssalg'.,tender_document,,2749.81,2749.81,0.0,0.0,exact_validated,,exported,,valid,,cn-standard,open
Paliperidone__2601c/2601c_Bilag_2_Prisskjema.xlsx,Prisskjema,16,Paliperidone,445725,Xeplion ori depotinj 150mg/spr,150mg/spr,1,,,Orifarm AS,N05AX13,Paliperidon,0,Solgte pakninger siste 12 mnd (Pakningssalg),,,max_aip,2749.81,,,paliperidon,document_name_and_atc,name_in_document,true,Column labelled 'Pakningssalg' with sub-header 'Solgte pakninger siste 12 mnd'; Veiledning states volumes from Sykehusapotekenes legemiddelstatistikk without calendar dates.,2601c_Bilag_2_Prisskjema.xlsx: Veiledning row 9 'Antall pakninger er hentet fra Sykehusapotekenes legemiddelstatistikk'; Prisskjema row 3 'Solgte pakninger siste 12 mnd'; header row 4 'Pakningssalg'.,tender_document,,2749.81,2749.81,0.0,0.0,exact_validated,,exported,,valid,,cn-standard,open
Paliperidone__2601c/2601c_Bilag_2_Prisskjema.xlsx,Prisskjema,17,Paliperidone,536742,Paliperidon zen depinj  50mg,50mg/spr,1,,,Zentiva Denmark ApS,N05AX13,Paliperidon,0,Solgte pakninger siste 12 mnd (Pakningssalg),,,max_aip,1237.43,,,paliperidon,document_name_and_atc,name_in_document,true,Column labelled 'Pakningssalg' with sub-header 'Solgte pakninger siste 12 mnd'; Veiledning states volumes from Sykehusapotekenes legemiddelstatistikk without calendar dates.,2601c_Bilag_2_Prisskjema.xlsx: Veiledning row 9 'Antall pakninger er hentet fra Sykehusapotekenes legemiddelstatistikk'; Prisskjema row 3 'Solgte pakninger siste 12 mnd'; header row 4 'Pakningssalg'.,tender_document,,1237.43,1237.43,0.0,0.0,exact_validated,,exported,,valid,,cn-standard,open
Paliperidone__2601c/2601c_Bilag_2_Prisskjema.xlsx,Prisskjema,18,Paliperidone,549759,Paliperidon zen depinj  75mg,75mg/spr,1,,,Zentiva Denmark ApS,N05AX13,Paliperidon,0,Solgte pakninger siste 12 mnd (Pakningssalg),,,max_aip,1582.91,,,paliperidon,document_name_and_atc,name_in_document,true,Column labelled 'Pakningssalg' with sub-header 'Solgte pakninger siste 12 mnd'; Veiledning states volumes from Sykehusapotekenes legemiddelstatistikk without calendar dates.,2601c_Bilag_2_Prisskjema.xlsx: Veiledning row 9 'Antall pakninger er hentet fra Sykehusapotekenes legemiddelstatistikk'; Prisskjema row 3 'Solgte pakninger siste 12 mnd'; header row 4 'Pakningssalg'.,tender_document,,1582.91,1582.91,0.0,0.0,exact_validated,,exported,,valid,,cn-standard,open
Paliperidone__2601c/2601c_Bilag_2_Prisskjema.xlsx,Prisskjema,19,Paliperidone,47538,Paliperidon zen depinj 100mg,100mg/spr,1,,,Zentiva Denmark ApS,N05AX13,Paliperidon,0,Solgte pakninger siste 12 mnd (Pakningssalg),,,max_aip,1967.77,,,paliperidon,document_name_and_atc,name_in_document,true,Column labelled 'Pakningssalg' with sub-header 'Solgte pakninger siste 12 mnd'; Veiledning states volumes from Sykehusapotekenes legemiddelstatistikk without calendar dates.,2601c_Bilag_2_Prisskjema.xlsx: Veiledning row 9 'Antall pakninger er hentet fra Sykehusapotekenes legemiddelstatistikk'; Prisskjema row 3 'Solgte pakninger siste 12 mnd'; header row 4 'Pakningssalg'.,tender_document,,1967.77,1967.77,0.0,0.0,exact_validated,,exported,,valid,,cn-standard,open
Paliperidone__2601c/2601c_Bilag_2_Prisskjema.xlsx,Prisskjema,20,Paliperidone,392171,Paliperidon zen depinj 150mg,150mg/spr,1,,,Zentiva Denmark ApS,N05AX13,Paliperidon,0,Solgte pakninger siste 12 mnd (Pakningssalg),,,max_aip,2749.81,,,paliperidon,document_name_and_atc,name_in_document,true,Column labelled 'Pakningssalg' with sub-header 'Solgte pakninger siste 12 mnd'; Veiledning states volumes from Sykehusapotekenes legemiddelstatistikk without calendar dates.,2601c_Bilag_2_Prisskjema.xlsx: Veiledning row 9 'Antall pakninger er hentet fra Sykehusapotekenes legemiddelstatistikk'; Prisskjema row 3 'Solgte pakninger siste 12 mnd'; header row 4 'Pakningssalg'.,tender_document,,2749.81,2749.81,0.0,0.0,exact_validated,,exported,,valid,,cn-standard,open
