targetMolecule,localFile,sourceType,sheetOrPage,rowOrSection,exactMatchedValue,matchedTerm,matchType,atcCode,evidenceLevel,isPackBearing,parserSupported,warning
Axitinib,Axitinib__LIS_2207_Oncology/LIS 2207 - Vedlegg 02 Kravspesifikasjon.xlsx,requirements_specification,3. Omfang,25,L01EK01,L01EK01,atc,L01EK01,document_atc,true,false,
Everolimus,Axitinib__LIS_2207_Oncology/LIS 2207 - Vedlegg 02 Kravspesifikasjon.xlsx,requirements_specification,3. Omfang,64,L01EG02,L01EG02,atc,L01EG02,document_atc,true,false,
Everolimus,Axitinib__LIS_2207_Oncology/LIS 2207 - Vedlegg 02 Kravspesifikasjon.xlsx,requirements_specification,3. Omfang,64,Everolimus,everolimus,name,,document_name,true,false,
Everolimus,Axitinib__LIS_2207_Oncology/LIS 2207 - Vedlegg 03 Prisskjema v 2.xlsx,price_schedule,Prisskjema,8,L01EG02,L01EG02,atc,L01EG02,document_atc,true,true,
Everolimus,Axitinib__LIS_2207_Oncology/LIS 2207 - Vedlegg 03 Prisskjema v 2.xlsx,price_schedule,Prisskjema,112,L01EG02,L01EG02,atc,L01EG02,document_atc,true,true,
Everolimus,Axitinib__LIS_2207_Oncology/LIS 2207 - Vedlegg 03 Prisskjema v 2.xlsx,price_schedule,Prisskjema,113,L01EG02,L01EG02,atc,L01EG02,document_atc,true,true,
Everolimus,Axitinib__LIS_2207_Oncology/LIS 2207 - Vedlegg 03 Prisskjema v 2.xlsx,price_schedule,Prisskjema,114,L01EG02,L01EG02,atc,L01EG02,document_atc,true,true,
Everolimus,Axitinib__LIS_2207_Oncology/LIS 2207 - Vedlegg 03 Prisskjema v 2.xlsx,price_schedule,Prisskjema,140,L01EG02,L01EG02,atc,L01EG02,document_atc,true,true,
Everolimus,Axitinib__LIS_2207_Oncology/LIS 2207 - Vedlegg 03 Prisskjema v 2.xlsx,price_schedule,Prisskjema,141,L01EG02,L01EG02,atc,L01EG02,document_atc,true,true,
Everolimus,Axitinib__LIS_2207_Oncology/LIS 2207 - Vedlegg 03 Prisskjema v 2.xlsx,price_schedule,Prisskjema,142,L01EG02,L01EG02,atc,L01EG02,document_atc,true,true,
Everolimus,Axitinib__LIS_2207_Oncology/LIS 2207 - Vedlegg 03 Prisskjema v 2.xlsx,price_schedule,Prisskjema,143,L01EG02,L01EG02,atc,L01EG02,document_atc,true,true,
Everolimus,Axitinib__LIS_2207_Oncology/LIS 2207 - Vedlegg 03 Prisskjema v 2.xlsx,price_schedule,Prisskjema,144,L01EG02,L01EG02,atc,L01EG02,document_atc,true,true,
Everolimus,Axitinib__LIS_2207_Oncology/LIS 2207 - Vedlegg 03 Prisskjema v 2.xlsx,price_schedule,Prisskjema,145,L01EG02,L01EG02,atc,L01EG02,document_atc,true,true,
Axitinib,Axitinib__LIS_2207_Oncology/LIS 2207 - Vedlegg 03 Prisskjema v 2.xlsx,price_schedule,Prisskjema,159,Inlyta tab 1mg,inlyta,brand_discovery,,brand_only,true,true,brand_only_not_accepted
Axitinib,Axitinib__LIS_2207_Oncology/LIS 2207 - Vedlegg 03 Prisskjema v 2.xlsx,price_schedule,Prisskjema,159,L01EK01,L01EK01,atc,L01EK01,document_atc,true,true,
Axitinib,Axitinib__LIS_2207_Oncology/LIS 2207 - Vedlegg 03 Prisskjema v 2.xlsx,price_schedule,Prisskjema,160,Inlyta tab 3mg,inlyta,brand_discovery,,brand_only,true,true,brand_only_not_accepted
Axitinib,Axitinib__LIS_2207_Oncology/LIS 2207 - Vedlegg 03 Prisskjema v 2.xlsx,price_schedule,Prisskjema,160,L01EK01,L01EK01,atc,L01EK01,document_atc,true,true,
Axitinib,Axitinib__LIS_2207_Oncology/LIS 2207 - Vedlegg 03 Prisskjema v 2.xlsx,price_schedule,Prisskjema,161,Inlyta tab 5mg,inlyta,brand_discovery,,brand_only,true,true,brand_only_not_accepted
Axitinib,Axitinib__LIS_2207_Oncology/LIS 2207 - Vedlegg 03 Prisskjema v 2.xlsx,price_schedule,Prisskjema,161,L01EK01,L01EK01,atc,L01EK01,document_atc,true,true,
Axitinib,Axitinib__LIS_2207_Oncology/LIS 2207 - Vedlegg 03 Prisskjema v 2.xlsx,price_schedule,Prisskjema,162,Inlyta tab 7mg,inlyta,brand_discovery,,brand_only,true,true,brand_only_not_accepted
Axitinib,Axitinib__LIS_2207_Oncology/LIS 2207 - Vedlegg 03 Prisskjema v 2.xlsx,price_schedule,Prisskjema,162,L01EK01,L01EK01,atc,L01EK01,document_atc,true,true,
Lenalidomide,Lenalidomide__LIS_2234/LIS 2234 Vedlegg 02 Kravspesifikasjon.xlsx,requirements_specification,3. Omfang,7,L04AX04,L04AX04,atc,L04AX04,document_atc,true,false,
Lenalidomide,Lenalidomide__LIS_2234/LIS 2234 Vedlegg 02 Kravspesifikasjon.xlsx,requirements_specification,3. Omfang,7,Lenalidomid,lenalidomid,name,,document_name,true,false,
Lenalidomide,Lenalidomide__LIS_2234/LIS 2234 Vedlegg 03 Prisskjema.xlsx,price_schedule,Prisskjema,4,L04AX04,L04AX04,atc,L04AX04,document_atc,true,true,
Lenalidomide,Lenalidomide__LIS_2234/LIS 2234 Vedlegg 03 Prisskjema.xlsx,price_schedule,Prisskjema,4,Lenalidomid,lenalidomid,name,,document_name,true,true,
Lenalidomide,Lenalidomide__LIS_2234/LIS 2234 Vedlegg 03 Prisskjema.xlsx,price_schedule,Prisskjema,5,L04AX04,L04AX04,atc,L04AX04,document_atc,true,true,
Lenalidomide,Lenalidomide__LIS_2234/LIS 2234 Vedlegg 03 Prisskjema.xlsx,price_schedule,Prisskjema,5,Lenalidomid,lenalidomid,name,,document_name,true,true,
Lenalidomide,Lenalidomide__LIS_2234/LIS 2234 Vedlegg 03 Prisskjema.xlsx,price_schedule,Prisskjema,6,L04AX04,L04AX04,atc,L04AX04,document_atc,true,true,
Lenalidomide,Lenalidomide__LIS_2234/LIS 2234 Vedlegg 03 Prisskjema.xlsx,price_schedule,Prisskjema,6,Lenalidomid,lenalidomid,name,,document_name,true,true,
Lenalidomide,Lenalidomide__LIS_2234/LIS 2234 Vedlegg 03 Prisskjema.xlsx,price_schedule,Prisskjema,7,L04AX04,L04AX04,atc,L04AX04,document_atc,true,true,
Lenalidomide,Lenalidomide__LIS_2234/LIS 2234 Vedlegg 03 Prisskjema.xlsx,price_schedule,Prisskjema,7,Lenalidomid,lenalidomid,name,,document_name,true,true,
Lenalidomide,Lenalidomide__LIS_2234/LIS 2234 Vedlegg 03 Prisskjema.xlsx,price_schedule,Prisskjema,8,L04AX04,L04AX04,atc,L04AX04,document_atc,true,true,
Lenalidomide,Lenalidomide__LIS_2234/LIS 2234 Vedlegg 03 Prisskjema.xlsx,price_schedule,Prisskjema,8,Lenalidomid,lenalidomid,name,,document_name,true,true,
Lenalidomide,Lenalidomide__LIS_2234/LIS 2234 Vedlegg 03 Prisskjema.xlsx,price_schedule,Prisskjema,9,L04AX04,L04AX04,atc,L04AX04,document_atc,true,true,
Lenalidomide,Lenalidomide__LIS_2234/LIS 2234 Vedlegg 03 Prisskjema.xlsx,price_schedule,Prisskjema,9,Lenalidomid,lenalidomid,name,,document_name,true,true,
Lenalidomide,Lenalidomide__LIS_2234/LIS 2234 Vedlegg 03 Prisskjema.xlsx,price_schedule,Prisskjema,10,L04AX04,L04AX04,atc,L04AX04,document_atc,true,true,
Lenalidomide,Lenalidomide__LIS_2234/LIS 2234 Vedlegg 03 Prisskjema.xlsx,price_schedule,Prisskjema,10,Lenalidomid,lenalidomid,name,,document_name,true,true,
Everolimus,Everolimus__2632a/2632a Bilag 2 Prisskjema.xlsx,price_schedule,Forside,15,2632a Everolimus og Mykofenolsyre (enterotablett),everolimus,name,,document_name,false,true,
Everolimus,Everolimus__2632a/2632a Bilag 2 Prisskjema.xlsx,price_schedule,Prisskjema,7,L04AH02,L04AH02,atc,L04AH02,document_atc,true,true,
Everolimus,Everolimus__2632a/2632a Bilag 2 Prisskjema.xlsx,price_schedule,Prisskjema,7,Everolimus,everolimus,name,,document_name,true,true,
Everolimus,Everolimus__2632a/2632a Bilag 2 Prisskjema.xlsx,price_schedule,Prisskjema,8,L04AH02,L04AH02,atc,L04AH02,document_atc,true,true,
Everolimus,Everolimus__2632a/2632a Bilag 2 Prisskjema.xlsx,price_schedule,Prisskjema,8,Everolimus,everolimus,name,,document_name,true,true,
Everolimus,Everolimus__2632a/2632a Bilag 2 Prisskjema.xlsx,price_schedule,Prisskjema,9,L04AH02,L04AH02,atc,L04AH02,document_atc,true,true,
Everolimus,Everolimus__2632a/2632a Bilag 2 Prisskjema.xlsx,price_schedule,Prisskjema,9,Everolimus,everolimus,name,,document_name,true,true,
Everolimus,Everolimus__2632a/2632a Bilag 2 Prisskjema.xlsx,price_schedule,Prisskjema,10,L04AH02,L04AH02,atc,L04AH02,document_atc,true,true,
Everolimus,Everolimus__2632a/2632a Bilag 2 Prisskjema.xlsx,price_schedule,Prisskjema,10,Everolimus,everolimus,name,,document_name,true,true,
Everolimus,Everolimus__2632a/2632a Bilag 2 Prisskjema.xlsx,price_schedule,Prisskjema,11,L04AH02,L04AH02,atc,L04AH02,document_atc,true,true,
Everolimus,Everolimus__2632a/2632a Bilag 2 Prisskjema.xlsx,price_schedule,Prisskjema,11,Everolimus,everolimus,name,,document_name,true,true,
Everolimus,Everolimus__2632a/2632a Bilag 2 Prisskjema.xlsx,price_schedule,Prisskjema,12,L04AH02,L04AH02,atc,L04AH02,document_atc,true,true,
Everolimus,Everolimus__2632a/2632a Bilag 2 Prisskjema.xlsx,price_schedule,Prisskjema,12,Everolimus,everolimus,name,,document_name,true,true,
Everolimus,Everolimus__2632a/2632a Bilag 3 Kravspesifikasjon.xlsx,requirements_specification,3. Omfang,7,L04AH02,L04AH02,atc,L04AH02,document_atc,false,false,
Everolimus,Everolimus__2632a/2632a Bilag 3 Kravspesifikasjon.xlsx,requirements_specification,3. Omfang,7,"Everolimus, tabletter",everolimus,name,,document_name,false,false,
Everolimus,Everolimus__2632a/2632a Bilag 3 Kravspesifikasjon.xlsx,requirements_specification,3. Omfang,8,L04AH02,L04AH02,atc,L04AH02,document_atc,false,false,
Everolimus,Everolimus__2632a/2632a Bilag 3 Kravspesifikasjon.xlsx,requirements_specification,3. Omfang,8,"Everolimus, dispergerbare tabletter",everolimus,name,,document_name,false,false,
Everolimus,Everolimus__2632a/2632a Bilag 3 Kravspesifikasjon.xlsx,requirements_specification,4. Krav til prod.,29,4.1 Krav til delkontrakt 1 - Everolimus (tabletter),everolimus,name,,document_name,false,false,
Everolimus,Everolimus__2632a/2632a Bilag 3 Kravspesifikasjon.xlsx,requirements_specification,4. Krav til prod.,36,4.2 Krav til delkontrakt 2 - Everolimus (dispergerbare tabletter),everolimus,name,,document_name,false,false,
Anagrelide,Anagrelide__2507gj-1/2507gj-1 Bilag 2 Prisskjema.xlsx,price_schedule,Forside,15,2507gj-1 Anagrelid,anagrelid,name,,document_name,false,true,
Anagrelide,Anagrelide__2507gj-1/2507gj-1 Bilag 2 Prisskjema.xlsx,price_schedule,Prisskjema,5,"Anagrelide bluefish kaps 0,5mg",anagrelide,name,,document_name,true,true,
Anagrelide,Anagrelide__2507gj-1/2507gj-1 Bilag 2 Prisskjema.xlsx,price_schedule,Prisskjema,5,L01XX35,L01XX35,atc,L01XX35,document_atc,true,true,
Anagrelide,Anagrelide__2507gj-1/2507gj-1 Bilag 2 Prisskjema.xlsx,price_schedule,Prisskjema,5,Anagrelid,anagrelid,name,,document_name,true,true,
Anagrelide,Anagrelide__2507gj-1/2507gj-1 Bilag 2 Prisskjema.xlsx,price_schedule,Prisskjema,6,"Anagrelide sandoz kaps 0,5mg",anagrelide,name,,document_name,true,true,
Anagrelide,Anagrelide__2507gj-1/2507gj-1 Bilag 2 Prisskjema.xlsx,price_schedule,Prisskjema,6,L01XX35,L01XX35,atc,L01XX35,document_atc,true,true,
Anagrelide,Anagrelide__2507gj-1/2507gj-1 Bilag 2 Prisskjema.xlsx,price_schedule,Prisskjema,6,Anagrelid,anagrelid,name,,document_name,true,true,
Anagrelide,Anagrelide__2507gj-1/2507gj-1 Bilag 2 Prisskjema.xlsx,price_schedule,Prisskjema,7,L01XX35,L01XX35,atc,L01XX35,document_atc,true,true,
Anagrelide,Anagrelide__2507gj-1/2507gj-1 Bilag 2 Prisskjema.xlsx,price_schedule,Prisskjema,7,Anagrelid,anagrelid,name,,document_name,true,true,
Anagrelide,Anagrelide__2507gj-1/2507gj-1 Bilag 2 Prisskjema.xlsx,price_schedule,Prisskjema,8,L01XX35,L01XX35,atc,L01XX35,document_atc,true,true,
Anagrelide,Anagrelide__2507gj-1/2507gj-1 Bilag 2 Prisskjema.xlsx,price_schedule,Prisskjema,8,Anagrelid,anagrelid,name,,document_name,true,true,
Anagrelide,Anagrelide__2507gj-1/2507gj-1 Bilag 2 Prisskjema.xlsx,price_schedule,Prisskjema,9,"Anagrelide AOP Kapsel, hard 0,5 mg",anagrelide,name,,document_name,true,true,
Anagrelide,Anagrelide__2507gj-1/2507gj-1 Bilag 2 Prisskjema.xlsx,price_schedule,Prisskjema,9,L01XX35,L01XX35,atc,L01XX35,document_atc,true,true,
Anagrelide,Anagrelide__2507gj-1/2507gj-1 Bilag 2 Prisskjema.xlsx,price_schedule,Prisskjema,9,Anagrelid,anagrelid,name,,document_name,true,true,
Anagrelide,Anagrelide__2507gj-1/2507gj-1 Bilag 2 Prisskjema.xlsx,price_schedule,Prisskjema,10,"Anagrelide sandoz kaps 0,5mg",anagrelide,name,,document_name,true,true,
Anagrelide,Anagrelide__2507gj-1/2507gj-1 Bilag 2 Prisskjema.xlsx,price_schedule,Prisskjema,10,L01XX35,L01XX35,atc,L01XX35,document_atc,true,true,
Anagrelide,Anagrelide__2507gj-1/2507gj-1 Bilag 2 Prisskjema.xlsx,price_schedule,Prisskjema,10,Anagrelid,anagrelid,name,,document_name,true,true,
Anagrelide,Anagrelide__2507gj-1/2507gj-1 Bilag 3 Kravspesifikasjon Anagrelid.xlsx,requirements_specification,1. Innhold,1,2507gj-1 Kravspesifikasjon Bilag 3 Anagrelid,anagrelid,name,,document_name,false,false,
Anagrelide,Anagrelide__2507gj-1/2507gj-1 Bilag 3 Kravspesifikasjon Anagrelid.xlsx,requirements_specification,3. Anskaffelsen,6,2507gj-1 Anagrelid Bilag 3,anagrelid,name,,document_name,true,false,
Anagrelide,Anagrelide__2507gj-1/2507gj-1 Bilag 3 Kravspesifikasjon Anagrelid.xlsx,requirements_specification,3. Anskaffelsen,8,L01XX35,L01XX35,atc,L01XX35,document_atc,true,false,
Anagrelide,Anagrelide__2507gj-1/2507gj-1 Bilag 3 Kravspesifikasjon Anagrelid.xlsx,requirements_specification,3. Anskaffelsen,8,Anagrelid,anagrelid,name,,document_name,true,false,
Anagrelide,Anagrelide__2507gj-1/2507gj-1 Bilag 3 Kravspesifikasjon Anagrelid.xlsx,requirements_specification,4. Krav overordnet nivå,3,2507gj-1 Bilag 3 Kravspesifikasjon Anagrelid,anagrelid,name,,document_name,false,false,
Anagrelide,Anagrelide__2507gj-1/2507gj-1 Bilag 3 Kravspesifikasjon Anagrelid.xlsx,requirements_specification,5. Krav til prod.,3,2507gj-1 Bilag 3 Kravspesifikasjon Anagrelid,anagrelid,name,,document_name,true,false,
Anagrelide,Anagrelide__2507gj-1/2507gj-1 Bilag 3 Kravspesifikasjon Anagrelid.xlsx,requirements_specification,5. Krav til prod.,21,L01XX35,L01XX35,atc,L01XX35,document_atc,true,false,
Anagrelide,Anagrelide__2507gj-1/2507gj-1 Bilag 3 Kravspesifikasjon Anagrelid.xlsx,requirements_specification,5. Krav til prod.,22,Anagrelid,anagrelid,name,,document_name,true,false,
Anagrelide,Anagrelide__2507gj-1/2507gj-1 Bilag 3 Kravspesifikasjon Anagrelid.xlsx,requirements_specification,5. Krav til prod.,35,Krav for Anagrelid,anagrelid,name,,document_name,true,false,
Anagrelide,Anagrelide__2507gj-1/2507gj-1 Bilag 3 Kravspesifikasjon Anagrelid.xlsx,requirements_specification,Lister,7,Anagrelid,anagrelid,name,,document_name,true,false,
Anagrelide,Anagrelide__2507gj-1/2507gj-1 Bilag 3 Kravspesifikasjon Anagrelid.xlsx,requirements_specification,Lister,9,Anagrelid,anagrelid,name,,document_name,true,false,
Paliperidone,Paliperidone__LIS_2301d/2301d Vedlegg 02 Kravspesifikasjon versj3.xlsx,requirements_specification,3. Anskaffelsen,94,N05AX13,N05AX13,atc,N05AX13,document_atc,true,false,
Paliperidone,Paliperidone__LIS_2301d/2301d Vedlegg 02 Kravspesifikasjon versj3.xlsx,requirements_specification,3. Anskaffelsen,94,Paliperidon,paliperidon,name,,document_name,true,false,
Paliperidone,Paliperidone__LIS_2301d/2301d Vedlegg 03 Prisskjema legem versj1.xlsx,price_schedule,Prisskjema,425,N05AX13,N05AX13,atc,N05AX13,document_atc,true,true,
Paliperidone,Paliperidone__LIS_2301d/2301d Vedlegg 03 Prisskjema legem versj1.xlsx,price_schedule,Prisskjema,425,Paliperidon,paliperidon,name,,document_name,true,true,
Paliperidone,Paliperidone__LIS_2301d/2301d Vedlegg 03 Prisskjema legem versj1.xlsx,price_schedule,Prisskjema,426,N05AX13,N05AX13,atc,N05AX13,document_atc,true,true,
Paliperidone,Paliperidone__LIS_2301d/2301d Vedlegg 03 Prisskjema legem versj1.xlsx,price_schedule,Prisskjema,426,Paliperidon,paliperidon,name,,document_name,true,true,
Paliperidone,Paliperidone__2601c/2601c_Bilag_2_Prisskjema.xlsx,price_schedule,Forside,15,2601c paliperidon,paliperidon,name,,document_name,false,true,
Paliperidone,Paliperidone__2601c/2601c_Bilag_2_Prisskjema.xlsx,price_schedule,Prisskjema,5,N05AX13,N05AX13,atc,N05AX13,document_atc,true,true,
Paliperidone,Paliperidone__2601c/2601c_Bilag_2_Prisskjema.xlsx,price_schedule,Prisskjema,5,Paliperidon,paliperidon,name,,document_name,true,true,
Paliperidone,Paliperidone__2601c/2601c_Bilag_2_Prisskjema.xlsx,price_schedule,Prisskjema,6,N05AX13,N05AX13,atc,N05AX13,document_atc,true,true,
Paliperidone,Paliperidone__2601c/2601c_Bilag_2_Prisskjema.xlsx,price_schedule,Prisskjema,6,Paliperidon,paliperidon,name,,document_name,true,true,
Paliperidone,Paliperidone__2601c/2601c_Bilag_2_Prisskjema.xlsx,price_schedule,Prisskjema,7,N05AX13,N05AX13,atc,N05AX13,document_atc,true,true,
Paliperidone,Paliperidone__2601c/2601c_Bilag_2_Prisskjema.xlsx,price_schedule,Prisskjema,7,Paliperidon,paliperidon,name,,document_name,true,true,
Paliperidone,Paliperidone__2601c/2601c_Bilag_2_Prisskjema.xlsx,price_schedule,Prisskjema,8,N05AX13,N05AX13,atc,N05AX13,document_atc,true,true,
Paliperidone,Paliperidone__2601c/2601c_Bilag_2_Prisskjema.xlsx,price_schedule,Prisskjema,8,Paliperidon,paliperidon,name,,document_name,true,true,
Paliperidone,Paliperidone__2601c/2601c_Bilag_2_Prisskjema.xlsx,price_schedule,Prisskjema,9,N05AX13,N05AX13,atc,N05AX13,document_atc,true,true,
Paliperidone,Paliperidone__2601c/2601c_Bilag_2_Prisskjema.xlsx,price_schedule,Prisskjema,9,Paliperidon,paliperidon,name,,document_name,true,true,
Paliperidone,Paliperidone__2601c/2601c_Bilag_2_Prisskjema.xlsx,price_schedule,Prisskjema,10,N05AX13,N05AX13,atc,N05AX13,document_atc,true,true,
Paliperidone,Paliperidone__2601c/2601c_Bilag_2_Prisskjema.xlsx,price_schedule,Prisskjema,10,Paliperidon,paliperidon,name,,document_name,true,true,
Paliperidone,Paliperidone__2601c/2601c_Bilag_2_Prisskjema.xlsx,price_schedule,Prisskjema,11,N05AX13,N05AX13,atc,N05AX13,document_atc,true,true,
Paliperidone,Paliperidone__2601c/2601c_Bilag_2_Prisskjema.xlsx,price_schedule,Prisskjema,11,Paliperidon,paliperidon,name,,document_name,true,true,
Paliperidone,Paliperidone__2601c/2601c_Bilag_2_Prisskjema.xlsx,price_schedule,Prisskjema,12,N05AX13,N05AX13,atc,N05AX13,document_atc,true,true,
Paliperidone,Paliperidone__2601c/2601c_Bilag_2_Prisskjema.xlsx,price_schedule,Prisskjema,12,Paliperidon,paliperidon,name,,document_name,true,true,
Paliperidone,Paliperidone__2601c/2601c_Bilag_2_Prisskjema.xlsx,price_schedule,Prisskjema,13,N05AX13,N05AX13,atc,N05AX13,document_atc,true,true,
Paliperidone,Paliperidone__2601c/2601c_Bilag_2_Prisskjema.xlsx,price_schedule,Prisskjema,13,Paliperidon,paliperidon,name,,document_name,true,true,
Paliperidone,Paliperidone__2601c/2601c_Bilag_2_Prisskjema.xlsx,price_schedule,Prisskjema,14,N05AX13,N05AX13,atc,N05AX13,document_atc,true,true,
Paliperidone,Paliperidone__2601c/2601c_Bilag_2_Prisskjema.xlsx,price_schedule,Prisskjema,14,Paliperidon,paliperidon,name,,document_name,true,true,
Paliperidone,Paliperidone__2601c/2601c_Bilag_2_Prisskjema.xlsx,price_schedule,Prisskjema,15,N05AX13,N05AX13,atc,N05AX13,document_atc,true,true,
Paliperidone,Paliperidone__2601c/2601c_Bilag_2_Prisskjema.xlsx,price_schedule,Prisskjema,15,Paliperidon,paliperidon,name,,document_name,true,true,
Paliperidone,Paliperidone__2601c/2601c_Bilag_2_Prisskjema.xlsx,price_schedule,Prisskjema,16,N05AX13,N05AX13,atc,N05AX13,document_atc,true,true,
Paliperidone,Paliperidone__2601c/2601c_Bilag_2_Prisskjema.xlsx,price_schedule,Prisskjema,16,Paliperidon,paliperidon,name,,document_name,true,true,
Paliperidone,Paliperidone__2601c/2601c_Bilag_2_Prisskjema.xlsx,price_schedule,Prisskjema,17,Paliperidon zen depinj  50mg,paliperidon,name,,document_name,true,true,
Paliperidone,Paliperidone__2601c/2601c_Bilag_2_Prisskjema.xlsx,price_schedule,Prisskjema,17,N05AX13,N05AX13,atc,N05AX13,document_atc,true,true,
Paliperidone,Paliperidone__2601c/2601c_Bilag_2_Prisskjema.xlsx,price_schedule,Prisskjema,17,Paliperidon,paliperidon,name,,document_name,true,true,
Paliperidone,Paliperidone__2601c/2601c_Bilag_2_Prisskjema.xlsx,price_schedule,Prisskjema,18,Paliperidon zen depinj  75mg,paliperidon,name,,document_name,true,true,
Paliperidone,Paliperidone__2601c/2601c_Bilag_2_Prisskjema.xlsx,price_schedule,Prisskjema,18,N05AX13,N05AX13,atc,N05AX13,document_atc,true,true,
Paliperidone,Paliperidone__2601c/2601c_Bilag_2_Prisskjema.xlsx,price_schedule,Prisskjema,18,Paliperidon,paliperidon,name,,document_name,true,true,
Paliperidone,Paliperidone__2601c/2601c_Bilag_2_Prisskjema.xlsx,price_schedule,Prisskjema,19,Paliperidon zen depinj 100mg,paliperidon,name,,document_name,true,true,
Paliperidone,Paliperidone__2601c/2601c_Bilag_2_Prisskjema.xlsx,price_schedule,Prisskjema,19,N05AX13,N05AX13,atc,N05AX13,document_atc,true,true,
Paliperidone,Paliperidone__2601c/2601c_Bilag_2_Prisskjema.xlsx,price_schedule,Prisskjema,19,Paliperidon,paliperidon,name,,document_name,true,true,
Paliperidone,Paliperidone__2601c/2601c_Bilag_2_Prisskjema.xlsx,price_schedule,Prisskjema,20,Paliperidon zen depinj 150mg,paliperidon,name,,document_name,true,true,
Paliperidone,Paliperidone__2601c/2601c_Bilag_2_Prisskjema.xlsx,price_schedule,Prisskjema,20,N05AX13,N05AX13,atc,N05AX13,document_atc,true,true,
Paliperidone,Paliperidone__2601c/2601c_Bilag_2_Prisskjema.xlsx,price_schedule,Prisskjema,20,Paliperidon,paliperidon,name,,document_name,true,true,
Paliperidone,Paliperidone__2601c/2601c_Bilag_3_Kravspesifikasjon_Paloperidon.xlsx,requirements_specification,1. Innhold,1,2601c Kravspesifikasjon Bilag 3 Paliperidon,paliperidon,name,,document_name,false,false,
Paliperidone,Paliperidone__2601c/2601c_Bilag_3_Kravspesifikasjon_Paloperidon.xlsx,requirements_specification,3. Anskaffelsen,6,2601c Paliperidon Bilag 3,paliperidon,name,,document_name,true,false,
Paliperidone,Paliperidone__2601c/2601c_Bilag_3_Kravspesifikasjon_Paloperidon.xlsx,requirements_specification,3. Anskaffelsen,8,N05AX13,N05AX13,atc,N05AX13,document_atc,true,false,
Paliperidone,Paliperidone__2601c/2601c_Bilag_3_Kravspesifikasjon_Paloperidon.xlsx,requirements_specification,3. Anskaffelsen,8,Paliperidon,paliperidon,name,,document_name,true,false,
Paliperidone,Paliperidone__2601c/2601c_Bilag_3_Kravspesifikasjon_Paloperidon.xlsx,requirements_specification,4. Krav til lev.,3,2601c Bilag 3 Kravspesifikasjon Paliperidon,paliperidon,name,,document_name,false,false,
Paliperidone,Paliperidone__2601c/2601c_Bilag_3_Kravspesifikasjon_Paloperidon.xlsx,requirements_specification,5. Krav til prod.,3,2601c Bilag 3 Kravspesifikasjon Paliperidon,paliperidon,name,,document_name,false,false,
Paliperidone,Paliperidone__2601c/2601c_Bilag_3_Kravspesifikasjon_Paloperidon.xlsx,requirements_specification,5. Krav til prod.,21,N05AX13,N05AX13,atc,N05AX13,document_atc,false,false,
Paliperidone,Paliperidone__2601c/2601c_Bilag_3_Kravspesifikasjon_Paloperidon.xlsx,requirements_specification,5. Krav til prod.,22,Paliperidon,paliperidon,name,,document_name,false,false,
Paliperidone,Paliperidone__2601c/2601c_Bilag_3_Kravspesifikasjon_Paloperidon.xlsx,requirements_specification,5. Krav til prod.,35,Krav for Paliperidon,paliperidon,name,,document_name,false,false,
Paliperidone,Paliperidone__2601c/2601c_Bilag_3_Kravspesifikasjon_Paloperidon.xlsx,requirements_specification,Lister,7,Paliperidon,paliperidon,name,,document_name,true,false,
Paliperidone,Paliperidone__2601c/2601c_Bilag_3_Kravspesifikasjon_Paloperidon.xlsx,requirements_specification,Lister,9,Paliperidon,paliperidon,name,,document_name,true,false,
Everolimus,Everolimus__2632a/2632a Konkurransebestemmelser.pdf,competition_terms,1,molecule_term,everolimus,everolimus,name,,document_name,false,false,
Anagrelide,Anagrelide__2507gj-1/2507gj-1 Konkurransebestemmelser Anagrelid.pdf,competition_terms,1,molecule_term,anagrelid,anagrelid,name,,document_name,false,false,
Anagrelide,Anagrelide__2507gj-1/2507gj-1 Rammeavtale Anagrelid.pdf,framework_agreement,1,molecule_term,anagrelid,anagrelid,name,,document_name,false,false,
Paliperidone,Paliperidone__2601c/2601c_Konkurransebestemmelser.pdf,competition_terms,1,molecule_term,paliperidon,paliperidon,name,,document_name,false,false,
Paliperidone,Paliperidone__2601c/2601c_Rammeavtale.pdf,framework_agreement,1,molecule_term,paliperidon,paliperidon,name,,document_name,false,false,
