targetMolecule,queryUsed,matchedTerm,detectionMethod,noticeId,tenderRef,title,buyer,publicationDate,noticeType,status,lifecycleStage,estimatedValue,currency,noticeUrl,documentUrls,proposedDecision,decisionReason,language,possibleDuplicateOf
Everolimus,name:everolimus,Everolimus,name_in_notice,404973-2025,LIS,Norway – Pharmaceutical products – 2632a Everolimus and Mykofenolic Acid (enterotablett),SYKEHUSINNKJØP HF,2025-06-24,cn-standard,open,competition,128000000.0,NOK,https://ted.europa.eu/en/notice/-/detail/404973-2025,,accepted,Pharmaceutical evidence with Sykehusinnkjøp or LIS tender reference,en,
Everolimus,name:everolimus,everolimus,name_in_notice,276486-2025,76746,"Norway – Medical equipments, pharmaceuticals and personal care products – 76746 LC-MS/MS analysis sheet",Oslo Universitetssykehus HF (hovedenhet),2025-04-29,can-standard,awarded,award,,NOK,https://ted.europa.eu/en/notice/-/detail/276486-2025,,rejected,Molecule appears only as illustrative example in non-pharma context,en,
Everolimus,name:everolimus,everolimus,name_in_notice,80590-2025,76746,"Norway – Medical equipments, pharmaceuticals and personal care products – 76746 LC-MS/MS analysis platform",Oslo Universitetssykehus HF (hovedenhet),2025-02-06,cn-standard,open,competition,,NOK,https://ted.europa.eu/en/notice/-/detail/80590-2025,,rejected,Molecule appears only as illustrative example in non-pharma context,en,276486-2025
Everolimus,name:everolimus,everolimus,name_in_notice,480286-2023,,76746 RH KLM FAR Analysis platform,Oslo Universitetssykehus HF (hovedenhet),2023-08-07,0,,prior_information,,NOK,https://ted.europa.eu/en/notice/-/detail/480286-2023,,rejected,Molecule appears only as illustrative example in non-pharma context,en,
Everolimus,atc:L04AH02,Everolimus,name_in_notice,404973-2025,LIS,Norway – Pharmaceutical products – 2632a Everolimus and Mykofenolic Acid (enterotablett),SYKEHUSINNKJØP HF,2025-06-24,cn-standard,open,competition,128000000.0,NOK,https://ted.europa.eu/en/notice/-/detail/404973-2025,,accepted,Pharmaceutical evidence with Sykehusinnkjøp or LIS tender reference,en,
Everolimus,buyer+name:Sykehusinnkjøp HF,Everolimus,name_in_notice,404973-2025,LIS,Norway – Pharmaceutical products – 2632a Everolimus and Mykofenolic Acid (enterotablett),SYKEHUSINNKJØP HF,2025-06-24,cn-standard,open,competition,128000000.0,NOK,https://ted.europa.eu/en/notice/-/detail/404973-2025,,accepted,Pharmaceutical evidence with Sykehusinnkjøp or LIS tender reference,en,
Everolimus,buyer+name:Sykehusinnkjøp,Everolimus,name_in_notice,404973-2025,LIS,Norway – Pharmaceutical products – 2632a Everolimus and Mykofenolic Acid (enterotablett),SYKEHUSINNKJØP HF,2025-06-24,cn-standard,open,competition,128000000.0,NOK,https://ted.europa.eu/en/notice/-/detail/404973-2025,,accepted,Pharmaceutical evidence with Sykehusinnkjøp or LIS tender reference,en,
Lenalidomide,name:lenalidomide,Lenalidomide,name_in_notice,335380-2021,2021/118,LIS 2234 Lenalidomide,Sykehusinnkjøp HF,2021-07-02,7,,award,,NOK,https://ted.europa.eu/en/notice/-/detail/335380-2021,,accepted,Pharmaceutical evidence with Sykehusinnkjøp or LIS tender reference,en,
Lenalidomide,name:lenalidomide,Lenalidomide,name_in_notice,335362-2021,LIS2234B,LIS 2234b Lenalidomide,Sykehusinnkjøp HF,2021-07-02,3,,competition,320000000.0,NOK,https://ted.europa.eu/en/notice/-/detail/335362-2021,https://www.mercell.com/m/file/GetFile.ashx?id=159475531&version=0,login_wall,Pharmaceutical evidence with Sykehusinnkjøp or LIS tender reference; Mercell document URLs require login,en,
Lenalidomide,name:lenalidomide,Lenalidomide,name_in_notice,300984-2021,LIS2234,LIS 2234 Lenalidomide,Sykehusinnkjøp HF,2021-06-15,3,,competition,320000000.0,NOK,https://ted.europa.eu/en/notice/-/detail/300984-2021,https://www.mercell.com/m/file/GetFile.ashx?id=158259205&version=0;https://www.mercell.com/m/file/GetFile.ashx?id=158259201&version=0;https://www.mercell.com/m/file/GetFile.ashx?id=158259190&version=0,login_wall,Pharmaceutical evidence with Sykehusinnkjøp or LIS tender reference; Mercell document URLs require login,en,
Lenalidomide,name:lenalidomide,Lenalidomid,name_in_notice,147880-2021,2021/118,LIS 2234 Lenalidomid Prior Information Notice,Sykehusinnkjøp HF,2021-03-24,0,,prior_information,320000000.0,NOK,https://ted.europa.eu/en/notice/-/detail/147880-2021,,accepted,Pharmaceutical evidence with Sykehusinnkjøp or LIS tender reference,en,335380-2021
Lenalidomide,name:lenalidomide,Lenalidomid,name_in_notice,48506-2021,2021/118,LIS 2234 Lenalidomid Prior Information Notice,Sykehusinnkjøp HF,2021-01-29,0,,prior_information,320000000.0,NOK,https://ted.europa.eu/en/notice/-/detail/48506-2021,,accepted,Pharmaceutical evidence with Sykehusinnkjøp or LIS tender reference,en,335380-2021
Lenalidomide,name:lenalidomid,Lenalidomide,name_in_notice,335380-2021,2021/118,LIS 2234 Lenalidomide,Sykehusinnkjøp HF,2021-07-02,7,,award,,NOK,https://ted.europa.eu/en/notice/-/detail/335380-2021,,accepted,Pharmaceutical evidence with Sykehusinnkjøp or LIS tender reference,en,
Lenalidomide,name:lenalidomid,Lenalidomide,name_in_notice,335362-2021,LIS2234B,LIS 2234b Lenalidomide,Sykehusinnkjøp HF,2021-07-02,3,,competition,320000000.0,NOK,https://ted.europa.eu/en/notice/-/detail/335362-2021,https://www.mercell.com/m/file/GetFile.ashx?id=159475531&version=0,login_wall,Pharmaceutical evidence with Sykehusinnkjøp or LIS tender reference; Mercell document URLs require login,en,
Lenalidomide,name:lenalidomid,Lenalidomide,name_in_notice,300984-2021,LIS2234,LIS 2234 Lenalidomide,Sykehusinnkjøp HF,2021-06-15,3,,competition,320000000.0,NOK,https://ted.europa.eu/en/notice/-/detail/300984-2021,https://www.mercell.com/m/file/GetFile.ashx?id=158259205&version=0;https://www.mercell.com/m/file/GetFile.ashx?id=158259201&version=0;https://www.mercell.com/m/file/GetFile.ashx?id=158259190&version=0,login_wall,Pharmaceutical evidence with Sykehusinnkjøp or LIS tender reference; Mercell document URLs require login,en,
Lenalidomide,name:lenalidomid,Lenalidomid,name_in_notice,147880-2021,2021/118,LIS 2234 Lenalidomid Prior Information Notice,Sykehusinnkjøp HF,2021-03-24,0,,prior_information,320000000.0,NOK,https://ted.europa.eu/en/notice/-/detail/147880-2021,,accepted,Pharmaceutical evidence with Sykehusinnkjøp or LIS tender reference,en,335380-2021
Lenalidomide,name:lenalidomid,Lenalidomid,name_in_notice,48506-2021,2021/118,LIS 2234 Lenalidomid Prior Information Notice,Sykehusinnkjøp HF,2021-01-29,0,,prior_information,320000000.0,NOK,https://ted.europa.eu/en/notice/-/detail/48506-2021,,accepted,Pharmaceutical evidence with Sykehusinnkjøp or LIS tender reference,en,335380-2021
Lenalidomide,buyer+name:Sykehusinnkjøp HF,Lenalidomide,name_in_notice,335380-2021,2021/118,LIS 2234 Lenalidomide,Sykehusinnkjøp HF,2021-07-02,7,,award,,NOK,https://ted.europa.eu/en/notice/-/detail/335380-2021,,accepted,Pharmaceutical evidence with Sykehusinnkjøp or LIS tender reference,en,
Lenalidomide,buyer+name:Sykehusinnkjøp HF,Lenalidomide,name_in_notice,335362-2021,LIS2234B,LIS 2234b Lenalidomide,Sykehusinnkjøp HF,2021-07-02,3,,competition,320000000.0,NOK,https://ted.europa.eu/en/notice/-/detail/335362-2021,https://www.mercell.com/m/file/GetFile.ashx?id=159475531&version=0,login_wall,Pharmaceutical evidence with Sykehusinnkjøp or LIS tender reference; Mercell document URLs require login,en,
Lenalidomide,buyer+name:Sykehusinnkjøp HF,Lenalidomide,name_in_notice,300984-2021,LIS2234,LIS 2234 Lenalidomide,Sykehusinnkjøp HF,2021-06-15,3,,competition,320000000.0,NOK,https://ted.europa.eu/en/notice/-/detail/300984-2021,https://www.mercell.com/m/file/GetFile.ashx?id=158259205&version=0;https://www.mercell.com/m/file/GetFile.ashx?id=158259201&version=0;https://www.mercell.com/m/file/GetFile.ashx?id=158259190&version=0,login_wall,Pharmaceutical evidence with Sykehusinnkjøp or LIS tender reference; Mercell document URLs require login,en,
Lenalidomide,buyer+name:Sykehusinnkjøp HF,Lenalidomid,name_in_notice,147880-2021,2021/118,LIS 2234 Lenalidomid Prior Information Notice,Sykehusinnkjøp HF,2021-03-24,0,,prior_information,320000000.0,NOK,https://ted.europa.eu/en/notice/-/detail/147880-2021,,accepted,Pharmaceutical evidence with Sykehusinnkjøp or LIS tender reference,en,335380-2021
Lenalidomide,buyer+name:Sykehusinnkjøp HF,Lenalidomid,name_in_notice,48506-2021,2021/118,LIS 2234 Lenalidomid Prior Information Notice,Sykehusinnkjøp HF,2021-01-29,0,,prior_information,320000000.0,NOK,https://ted.europa.eu/en/notice/-/detail/48506-2021,,accepted,Pharmaceutical evidence with Sykehusinnkjøp or LIS tender reference,en,335380-2021
Lenalidomide,buyer+name:Sykehusinnkjøp,Lenalidomide,name_in_notice,335380-2021,2021/118,LIS 2234 Lenalidomide,Sykehusinnkjøp HF,2021-07-02,7,,award,,NOK,https://ted.europa.eu/en/notice/-/detail/335380-2021,,accepted,Pharmaceutical evidence with Sykehusinnkjøp or LIS tender reference,en,
Lenalidomide,buyer+name:Sykehusinnkjøp,Lenalidomide,name_in_notice,335362-2021,LIS2234B,LIS 2234b Lenalidomide,Sykehusinnkjøp HF,2021-07-02,3,,competition,320000000.0,NOK,https://ted.europa.eu/en/notice/-/detail/335362-2021,https://www.mercell.com/m/file/GetFile.ashx?id=159475531&version=0,login_wall,Pharmaceutical evidence with Sykehusinnkjøp or LIS tender reference; Mercell document URLs require login,en,
Lenalidomide,buyer+name:Sykehusinnkjøp,Lenalidomide,name_in_notice,300984-2021,LIS2234,LIS 2234 Lenalidomide,Sykehusinnkjøp HF,2021-06-15,3,,competition,320000000.0,NOK,https://ted.europa.eu/en/notice/-/detail/300984-2021,https://www.mercell.com/m/file/GetFile.ashx?id=158259205&version=0;https://www.mercell.com/m/file/GetFile.ashx?id=158259201&version=0;https://www.mercell.com/m/file/GetFile.ashx?id=158259190&version=0,login_wall,Pharmaceutical evidence with Sykehusinnkjøp or LIS tender reference; Mercell document URLs require login,en,
Lenalidomide,buyer+name:Sykehusinnkjøp,Lenalidomid,name_in_notice,147880-2021,2021/118,LIS 2234 Lenalidomid Prior Information Notice,Sykehusinnkjøp HF,2021-03-24,0,,prior_information,320000000.0,NOK,https://ted.europa.eu/en/notice/-/detail/147880-2021,,accepted,Pharmaceutical evidence with Sykehusinnkjøp or LIS tender reference,en,335380-2021
Lenalidomide,buyer+name:Sykehusinnkjøp,Lenalidomid,name_in_notice,48506-2021,2021/118,LIS 2234 Lenalidomid Prior Information Notice,Sykehusinnkjøp HF,2021-01-29,0,,prior_information,320000000.0,NOK,https://ted.europa.eu/en/notice/-/detail/48506-2021,,accepted,Pharmaceutical evidence with Sykehusinnkjøp or LIS tender reference,en,335380-2021
Anagrelide,name:anagrelide,anagrelid,name_in_notice,244859-2024,LIS,Norway – Pharmaceutical products – 2507gj-1 anagrelid,SYKEHUSINNKJØP HF,2024-04-24,cn-standard,open,competition,10000000.0,NOK,https://ted.europa.eu/en/notice/-/detail/244859-2024,,accepted,Pharmaceutical evidence with Sykehusinnkjøp or LIS tender reference,en,404973-2025
Anagrelide,name:anagrelid,anagrelid,name_in_notice,244859-2024,LIS,Norway – Pharmaceutical products – 2507gj-1 anagrelid,SYKEHUSINNKJØP HF,2024-04-24,cn-standard,open,competition,10000000.0,NOK,https://ted.europa.eu/en/notice/-/detail/244859-2024,,accepted,Pharmaceutical evidence with Sykehusinnkjøp or LIS tender reference,en,404973-2025
Anagrelide,buyer+name:Sykehusinnkjøp HF,anagrelid,name_in_notice,244859-2024,LIS,Norway – Pharmaceutical products – 2507gj-1 anagrelid,SYKEHUSINNKJØP HF,2024-04-24,cn-standard,open,competition,10000000.0,NOK,https://ted.europa.eu/en/notice/-/detail/244859-2024,,accepted,Pharmaceutical evidence with Sykehusinnkjøp or LIS tender reference,en,404973-2025
Anagrelide,buyer+name:Sykehusinnkjøp,anagrelid,name_in_notice,244859-2024,LIS,Norway – Pharmaceutical products – 2507gj-1 anagrelid,SYKEHUSINNKJØP HF,2024-04-24,cn-standard,open,competition,10000000.0,NOK,https://ted.europa.eu/en/notice/-/detail/244859-2024,,accepted,Pharmaceutical evidence with Sykehusinnkjøp or LIS tender reference,en,404973-2025
Paliperidone,name:paliperidone,paliperidone,name_in_notice,434619-2026,LIS,"Norway – Medical equipments, pharmaceuticals and personal care products – 2601c paliperidone",SYKEHUSINNKJØP HF,2026-06-25,cn-standard,open,competition,,NOK,https://ted.europa.eu/en/notice/-/detail/434619-2026,,accepted,Pharmaceutical evidence with Sykehusinnkjøp or LIS tender reference,en,404973-2025
Paliperidone,name:paliperidone,Paliperidon,name_in_notice,682047-2022,LIS,"Voluntary ex-ante transparency notice - Supplementary contracts for LIS 2301d ureg, ATC codes J05AF01, N05AX13, N05CD08, P01CX04, S01AX18, S01EE09 and V03AB13",SYKEHUSINNKJØP HF,2022-12-08,V,,V,14671946.0,NOK,https://ted.europa.eu/en/notice/-/detail/682047-2022,,accepted,Pharmaceutical evidence with Sykehusinnkjøp or LIS tender reference,en,404973-2025
Paliperidone,name:paliperidon,paliperidone,name_in_notice,434619-2026,LIS,"Norway – Medical equipments, pharmaceuticals and personal care products – 2601c paliperidone",SYKEHUSINNKJØP HF,2026-06-25,cn-standard,open,competition,,NOK,https://ted.europa.eu/en/notice/-/detail/434619-2026,,accepted,Pharmaceutical evidence with Sykehusinnkjøp or LIS tender reference,en,404973-2025
Paliperidone,name:paliperidon,Paliperidon,name_in_notice,682047-2022,LIS,"Voluntary ex-ante transparency notice - Supplementary contracts for LIS 2301d ureg, ATC codes J05AF01, N05AX13, N05CD08, P01CX04, S01AX18, S01EE09 and V03AB13",SYKEHUSINNKJØP HF,2022-12-08,V,,V,14671946.0,NOK,https://ted.europa.eu/en/notice/-/detail/682047-2022,,accepted,Pharmaceutical evidence with Sykehusinnkjøp or LIS tender reference,en,404973-2025
Paliperidone,atc:N05AX13,Paliperidon,name_in_notice,682047-2022,LIS,"Voluntary ex-ante transparency notice - Supplementary contracts for LIS 2301d ureg, ATC codes J05AF01, N05AX13, N05CD08, P01CX04, S01AX18, S01EE09 and V03AB13",SYKEHUSINNKJØP HF,2022-12-08,V,,V,14671946.0,NOK,https://ted.europa.eu/en/notice/-/detail/682047-2022,,accepted,Pharmaceutical evidence with Sykehusinnkjøp or LIS tender reference,en,404973-2025
Paliperidone,atc:N05AX13,N05AX13,atc_in_notice,667535-2022,2021/108,Voluntary ex-ante transparency notice - Entry into a contract for the procurement of various antipsychotics for the national preparedness reserves,SYKEHUSINNKJØP HF,2022-12-01,V,,V,7432000.0,NOK,https://ted.europa.eu/en/notice/-/detail/667535-2022,,accepted,Pharmaceutical evidence with Sykehusinnkjøp or LIS tender reference,en,
Paliperidone,buyer+name:Sykehusinnkjøp HF,paliperidone,name_in_notice,434619-2026,LIS,"Norway – Medical equipments, pharmaceuticals and personal care products – 2601c paliperidone",SYKEHUSINNKJØP HF,2026-06-25,cn-standard,open,competition,,NOK,https://ted.europa.eu/en/notice/-/detail/434619-2026,,accepted,Pharmaceutical evidence with Sykehusinnkjøp or LIS tender reference,en,404973-2025
Paliperidone,buyer+name:Sykehusinnkjøp HF,Paliperidon,name_in_notice,682047-2022,LIS,"Voluntary ex-ante transparency notice - Supplementary contracts for LIS 2301d ureg, ATC codes J05AF01, N05AX13, N05CD08, P01CX04, S01AX18, S01EE09 and V03AB13",SYKEHUSINNKJØP HF,2022-12-08,V,,V,14671946.0,NOK,https://ted.europa.eu/en/notice/-/detail/682047-2022,,accepted,Pharmaceutical evidence with Sykehusinnkjøp or LIS tender reference,en,404973-2025
Paliperidone,buyer+name:Sykehusinnkjøp,paliperidone,name_in_notice,434619-2026,LIS,"Norway – Medical equipments, pharmaceuticals and personal care products – 2601c paliperidone",SYKEHUSINNKJØP HF,2026-06-25,cn-standard,open,competition,,NOK,https://ted.europa.eu/en/notice/-/detail/434619-2026,,accepted,Pharmaceutical evidence with Sykehusinnkjøp or LIS tender reference,en,404973-2025
Paliperidone,buyer+name:Sykehusinnkjøp,Paliperidon,name_in_notice,682047-2022,LIS,"Voluntary ex-ante transparency notice - Supplementary contracts for LIS 2301d ureg, ATC codes J05AF01, N05AX13, N05CD08, P01CX04, S01AX18, S01EE09 and V03AB13",SYKEHUSINNKJØP HF,2022-12-08,V,,V,14671946.0,NOK,https://ted.europa.eu/en/notice/-/detail/682047-2022,,accepted,Pharmaceutical evidence with Sykehusinnkjøp or LIS tender reference,en,404973-2025
Lenalidomide,tender_ref:LIS 2234,Lenalidomide,name_in_notice,335380-2021,2021/118,LIS 2234 Lenalidomide,Sykehusinnkjøp HF,2021-07-02,7,,award,,NOK,https://ted.europa.eu/en/notice/-/detail/335380-2021,,accepted,Pharmaceutical evidence with Sykehusinnkjøp or LIS tender reference,en,
Lenalidomide,tender_ref:LIS 2234,Lenalidomide,name_in_notice,300984-2021,LIS2234,LIS 2234 Lenalidomide,Sykehusinnkjøp HF,2021-06-15,3,,competition,320000000.0,NOK,https://ted.europa.eu/en/notice/-/detail/300984-2021,https://www.mercell.com/m/file/GetFile.ashx?id=158259205&version=0;https://www.mercell.com/m/file/GetFile.ashx?id=158259201&version=0;https://www.mercell.com/m/file/GetFile.ashx?id=158259190&version=0,login_wall,Pharmaceutical evidence with Sykehusinnkjøp or LIS tender reference; Mercell document URLs require login,en,
Lenalidomide,tender_ref:LIS 2234,Lenalidomid,name_in_notice,147880-2021,2021/118,LIS 2234 Lenalidomid Prior Information Notice,Sykehusinnkjøp HF,2021-03-24,0,,prior_information,320000000.0,NOK,https://ted.europa.eu/en/notice/-/detail/147880-2021,,accepted,Pharmaceutical evidence with Sykehusinnkjøp or LIS tender reference,en,335380-2021
Lenalidomide,tender_ref:LIS 2234,Lenalidomid,name_in_notice,48506-2021,2021/118,LIS 2234 Lenalidomid Prior Information Notice,Sykehusinnkjøp HF,2021-01-29,0,,prior_information,320000000.0,NOK,https://ted.europa.eu/en/notice/-/detail/48506-2021,,accepted,Pharmaceutical evidence with Sykehusinnkjøp or LIS tender reference,en,335380-2021
Lenalidomide,buyer+tender:Sykehusinnkjøp HF,Lenalidomide,name_in_notice,335380-2021,2021/118,LIS 2234 Lenalidomide,Sykehusinnkjøp HF,2021-07-02,7,,award,,NOK,https://ted.europa.eu/en/notice/-/detail/335380-2021,,accepted,Pharmaceutical evidence with Sykehusinnkjøp or LIS tender reference,en,
Lenalidomide,buyer+tender:Sykehusinnkjøp HF,Lenalidomide,name_in_notice,300984-2021,LIS2234,LIS 2234 Lenalidomide,Sykehusinnkjøp HF,2021-06-15,3,,competition,320000000.0,NOK,https://ted.europa.eu/en/notice/-/detail/300984-2021,https://www.mercell.com/m/file/GetFile.ashx?id=158259205&version=0;https://www.mercell.com/m/file/GetFile.ashx?id=158259201&version=0;https://www.mercell.com/m/file/GetFile.ashx?id=158259190&version=0,login_wall,Pharmaceutical evidence with Sykehusinnkjøp or LIS tender reference; Mercell document URLs require login,en,
Lenalidomide,buyer+tender:Sykehusinnkjøp HF,Lenalidomid,name_in_notice,147880-2021,2021/118,LIS 2234 Lenalidomid Prior Information Notice,Sykehusinnkjøp HF,2021-03-24,0,,prior_information,320000000.0,NOK,https://ted.europa.eu/en/notice/-/detail/147880-2021,,accepted,Pharmaceutical evidence with Sykehusinnkjøp or LIS tender reference,en,335380-2021
Lenalidomide,buyer+tender:Sykehusinnkjøp HF,Lenalidomid,name_in_notice,48506-2021,2021/118,LIS 2234 Lenalidomid Prior Information Notice,Sykehusinnkjøp HF,2021-01-29,0,,prior_information,320000000.0,NOK,https://ted.europa.eu/en/notice/-/detail/48506-2021,,accepted,Pharmaceutical evidence with Sykehusinnkjøp or LIS tender reference,en,335380-2021
Lenalidomide,buyer+tender:Sykehusinnkjøp,Lenalidomide,name_in_notice,335380-2021,2021/118,LIS 2234 Lenalidomide,Sykehusinnkjøp HF,2021-07-02,7,,award,,NOK,https://ted.europa.eu/en/notice/-/detail/335380-2021,,accepted,Pharmaceutical evidence with Sykehusinnkjøp or LIS tender reference,en,
Lenalidomide,buyer+tender:Sykehusinnkjøp,Lenalidomide,name_in_notice,300984-2021,LIS2234,LIS 2234 Lenalidomide,Sykehusinnkjøp HF,2021-06-15,3,,competition,320000000.0,NOK,https://ted.europa.eu/en/notice/-/detail/300984-2021,https://www.mercell.com/m/file/GetFile.ashx?id=158259205&version=0;https://www.mercell.com/m/file/GetFile.ashx?id=158259201&version=0;https://www.mercell.com/m/file/GetFile.ashx?id=158259190&version=0,login_wall,Pharmaceutical evidence with Sykehusinnkjøp or LIS tender reference; Mercell document URLs require login,en,
Lenalidomide,buyer+tender:Sykehusinnkjøp,Lenalidomid,name_in_notice,147880-2021,2021/118,LIS 2234 Lenalidomid Prior Information Notice,Sykehusinnkjøp HF,2021-03-24,0,,prior_information,320000000.0,NOK,https://ted.europa.eu/en/notice/-/detail/147880-2021,,accepted,Pharmaceutical evidence with Sykehusinnkjøp or LIS tender reference,en,335380-2021
Lenalidomide,buyer+tender:Sykehusinnkjøp,Lenalidomid,name_in_notice,48506-2021,2021/118,LIS 2234 Lenalidomid Prior Information Notice,Sykehusinnkjøp HF,2021-01-29,0,,prior_information,320000000.0,NOK,https://ted.europa.eu/en/notice/-/detail/48506-2021,,accepted,Pharmaceutical evidence with Sykehusinnkjøp or LIS tender reference,en,335380-2021
Lenalidomide,buyer+tender:Sykehusinnkjop HF,Lenalidomide,name_in_notice,335380-2021,2021/118,LIS 2234 Lenalidomide,Sykehusinnkjøp HF,2021-07-02,7,,award,,NOK,https://ted.europa.eu/en/notice/-/detail/335380-2021,,accepted,Pharmaceutical evidence with Sykehusinnkjøp or LIS tender reference,en,
Lenalidomide,buyer+tender:Sykehusinnkjop HF,Lenalidomide,name_in_notice,300984-2021,LIS2234,LIS 2234 Lenalidomide,Sykehusinnkjøp HF,2021-06-15,3,,competition,320000000.0,NOK,https://ted.europa.eu/en/notice/-/detail/300984-2021,https://www.mercell.com/m/file/GetFile.ashx?id=158259205&version=0;https://www.mercell.com/m/file/GetFile.ashx?id=158259201&version=0;https://www.mercell.com/m/file/GetFile.ashx?id=158259190&version=0,login_wall,Pharmaceutical evidence with Sykehusinnkjøp or LIS tender reference; Mercell document URLs require login,en,
Lenalidomide,buyer+tender:Sykehusinnkjop HF,Lenalidomid,name_in_notice,147880-2021,2021/118,LIS 2234 Lenalidomid Prior Information Notice,Sykehusinnkjøp HF,2021-03-24,0,,prior_information,320000000.0,NOK,https://ted.europa.eu/en/notice/-/detail/147880-2021,,accepted,Pharmaceutical evidence with Sykehusinnkjøp or LIS tender reference,en,335380-2021
Lenalidomide,buyer+tender:Sykehusinnkjop HF,Lenalidomid,name_in_notice,48506-2021,2021/118,LIS 2234 Lenalidomid Prior Information Notice,Sykehusinnkjøp HF,2021-01-29,0,,prior_information,320000000.0,NOK,https://ted.europa.eu/en/notice/-/detail/48506-2021,,accepted,Pharmaceutical evidence with Sykehusinnkjøp or LIS tender reference,en,335380-2021
Lenalidomide,buyer+tender:Sykehusinnkjop,Lenalidomide,name_in_notice,335380-2021,2021/118,LIS 2234 Lenalidomide,Sykehusinnkjøp HF,2021-07-02,7,,award,,NOK,https://ted.europa.eu/en/notice/-/detail/335380-2021,,accepted,Pharmaceutical evidence with Sykehusinnkjøp or LIS tender reference,en,
Lenalidomide,buyer+tender:Sykehusinnkjop,Lenalidomide,name_in_notice,300984-2021,LIS2234,LIS 2234 Lenalidomide,Sykehusinnkjøp HF,2021-06-15,3,,competition,320000000.0,NOK,https://ted.europa.eu/en/notice/-/detail/300984-2021,https://www.mercell.com/m/file/GetFile.ashx?id=158259205&version=0;https://www.mercell.com/m/file/GetFile.ashx?id=158259201&version=0;https://www.mercell.com/m/file/GetFile.ashx?id=158259190&version=0,login_wall,Pharmaceutical evidence with Sykehusinnkjøp or LIS tender reference; Mercell document URLs require login,en,
Lenalidomide,buyer+tender:Sykehusinnkjop,Lenalidomid,name_in_notice,147880-2021,2021/118,LIS 2234 Lenalidomid Prior Information Notice,Sykehusinnkjøp HF,2021-03-24,0,,prior_information,320000000.0,NOK,https://ted.europa.eu/en/notice/-/detail/147880-2021,,accepted,Pharmaceutical evidence with Sykehusinnkjøp or LIS tender reference,en,335380-2021
Lenalidomide,buyer+tender:Sykehusinnkjop,Lenalidomid,name_in_notice,48506-2021,2021/118,LIS 2234 Lenalidomid Prior Information Notice,Sykehusinnkjøp HF,2021-01-29,0,,prior_information,320000000.0,NOK,https://ted.europa.eu/en/notice/-/detail/48506-2021,,accepted,Pharmaceutical evidence with Sykehusinnkjøp or LIS tender reference,en,335380-2021
Lenalidomide,seed_notice:300984-2021->LIS2234,Lenalidomide,name_in_notice,300984-2021,LIS2234,LIS 2234 Lenalidomide,Sykehusinnkjøp HF,2021-06-15,3,,competition,320000000.0,NOK,https://ted.europa.eu/en/notice/-/detail/300984-2021,https://www.mercell.com/m/file/GetFile.ashx?id=158259205&version=0;https://www.mercell.com/m/file/GetFile.ashx?id=158259201&version=0;https://www.mercell.com/m/file/GetFile.ashx?id=158259190&version=0,login_wall,Pharmaceutical evidence with Sykehusinnkjøp or LIS tender reference; Mercell document URLs require login,en,
Lenalidomide,seed_notice:335362-2021->LIS2234B,Lenalidomide,name_in_notice,335362-2021,LIS2234B,LIS 2234b Lenalidomide,Sykehusinnkjøp HF,2021-07-02,3,,competition,320000000.0,NOK,https://ted.europa.eu/en/notice/-/detail/335362-2021,https://www.mercell.com/m/file/GetFile.ashx?id=159475531&version=0,login_wall,Pharmaceutical evidence with Sykehusinnkjøp or LIS tender reference; Mercell document URLs require login,en,
Lenalidomide,seed_notice:682047-2022->LIS,Paliperidon,name_in_notice,682047-2022,LIS,"Voluntary ex-ante transparency notice - Supplementary contracts for LIS 2301d ureg, ATC codes J05AF01, N05AX13, N05CD08, P01CX04, S01AX18, S01EE09 and V03AB13",SYKEHUSINNKJØP HF,2022-12-08,V,,V,14671946.0,NOK,https://ted.europa.eu/en/notice/-/detail/682047-2022,,rejected,"Matched Paliperidone, not target Lenalidomide",en,404973-2025
